doc_uid,issuer,bucket,product_name,zip_path,quarter,sha256,size_bytes,page_count,total_chars,is_scanned
1st_united_credit_union__application_solicitation_disclosure_cc_10_1_22__335908,1ST UNITED CREDIT UNION,credit_union,Application Solicitation Disclosure CC 10.1.22,1ST UNITED CREDIT UNION/Application_Solicitation_Disclosure_CC_10.1.22.pdf-335908.pdf,2026-Q1,3c6c0c1ba7c3ac2399945ab380c8788e97b44e9cfb25818179cd7ed720201999,190230,2,4623,False
1st_united_credit_union__application_and_solicitation_disclosure__480743,1ST UNITED CREDIT UNION,credit_union,Application and Solicitation Disclosure,1ST UNITED CREDIT UNION/Application and Solicitation Disclosure.pdf-480743.pdf,2026-Q1,a3d2801583a180f53a7eadc624367f7fe28a841c0b669952530b83af93475b45,656911,2,0,True
1st_united_credit_union__application_and_solicitation_disclosure__393925,1ST UNITED CREDIT UNION,credit_union,Application and Solicitation Disclosure,1ST UNITED CREDIT UNION/Application and Solicitation Disclosure.pdf-393925.pdf,2026-Q1,8a61f5f33c1243f6bfd8333ed45000a2954e4c417d231b6d3af777d45a2e9131,222374,2,4620,False
1st_united_credit_union__consumer_credit_card_application_and_solicitation_disclosure__265625,1ST UNITED CREDIT UNION,credit_union,Consumer Credit Card Application and Solicitation Disclosure,1ST UNITED CREDIT UNION/Consumer Credit Card Application and Solicitation Disclosure.pdf-265625.pdf,2026-Q1,4d1638dcee10f846aabf7b76f7325a1e0482617100d95f4236871eb17bb4bfd3,264495,2,4980,False
1st_united_credit_union__credit_card_agreement_and_disclosure__393925,1ST UNITED CREDIT UNION,credit_union,Credit Card Agreement and Disclosure,1ST UNITED CREDIT UNION/Credit Card Agreement and Disclosure.pdf-393925.pdf,2026-Q1,219a16f57e16c8e40267ea94307a27fedafc55cb39a7b8b18da1bcdc76080f30,535940,6,30253,False
alliant_credit_union__platinumrewards_programtermsconditions052017__269955,ALLIANT CREDIT UNION,credit_union,PlatinumRewards ProgramTermsConditions052017,ALLIANT CREDIT UNION/PlatinumRewards-ProgramTermsConditions052017.pdf-269955.pdf,2026-Q1,65afe84ad03e99f2e54e5eb926154b2c9d2d59dfd91871da6de3c95e2bc4eb19,485395,1,5963,False
alliant_credit_union__visacreditcarddisclosure__255585,ALLIANT CREDIT UNION,credit_union,VisaCreditCardDisclosure,ALLIANT CREDIT UNION/VisaCreditCardDisclosure.pdf-255585.pdf,2026-Q1,5bae27f180a6c7433ca56c7238de21d54c55540f756d33eb051b25063352b7ab,1291335,2,13514,False
alliant_credit_union__visacreditcarddisclosure102023__269955,ALLIANT CREDIT UNION,credit_union,VisaCreditCardDisclosure102023,ALLIANT CREDIT UNION/VisaCreditCardDisclosure102023.pdf-269955.pdf,2026-Q1,e89a095751a4ecd8035cfc85ca0a6b83460b1c27ad7a0c051b8a4e6db958460a,1313608,2,13459,False
alliant_credit_union__visasignaturecreditcarddisclosure__255587,ALLIANT CREDIT UNION,credit_union,VisaSignatureCreditCardDisclosure,ALLIANT CREDIT UNION/VisaSignatureCreditCardDisclosure.pdf-255587.pdf,2026-Q1,c18fb3ee63a1c020a234d6175181658efb216240d455f66d828e31e365f667ba,949937,2,12673,False
alliant_credit_union__visasignaturecreditcarddisclosure102023__269946,ALLIANT CREDIT UNION,credit_union,VisaSignatureCreditCardDisclosure102023,ALLIANT CREDIT UNION/VisaSignatureCreditCardDisclosure102023.pdf-269946.pdf,2026-Q1,6fa4089a25a6728407d120e8c2cd5725402c5ef8515254da2c5eaaa25075347b,1025588,2,12664,False
elga_credit_union__9_9_copoco_uchoose_rewards__581633,ELGA CREDIT UNION,credit_union,9.9 COPOCO  UChoose Rewards,ELGA CREDIT UNION/9.9 COPOCO -UChoose Rewards.pdf-581633.pdf,2026-Q1,26d766991732dd936b30e5d9b31cd8539e6ce28ac88ecb80f53c32ecda797ac4,2319993,5,0,True
elga_credit_union__a_13_75_visa_cash_back_acct_disclosures_elgacu_01_01_26__597624,ELGA CREDIT UNION,credit_union,A+ 13.75   VISA Cash Back ACCT Disclosures   ELGACU   01 01 26,ELGA CREDIT UNION/A+-13.75 - VISA Cash Back ACCT Disclosures - ELGACU - 01-01-26.pdf-597624.pdf,2026-Q1,6558193538daa34691878ab175d76fb4b544512335dcc6a2d4f3641692c85cab,453202,1,2435,False
elga_credit_union__d_19_75_visa_cash_back_acct_disclosures_elgacu_01_01_26__597629,ELGA CREDIT UNION,credit_union,D 19.75   VISA Cash Back ACCT Disclosures   ELGACU   01 01 26,ELGA CREDIT UNION/D-19.75 - VISA Cash Back ACCT Disclosures - ELGACU - 01-01-26.pdf-597629.pdf,2026-Q1,264415567b888370577ed6e427a57b9381db41fadf3f775edab5b4e21018b856,453976,1,2435,False
elga_credit_union__d_19_75_visa_rewards_acct_disclosures_elgacu_01_01_26__597635,ELGA CREDIT UNION,credit_union,D 19.75   VISA Rewards ACCT Disclosures   ELGACU   01 01 26,ELGA CREDIT UNION/D-19.75 - VISA Rewards ACCT Disclosures - ELGACU - 01-01-26.pdf-597635.pdf,2026-Q1,d50e0cd97c016b26428b539be9c6cf16c2c6400299628b6aa4439a28bbe3f33c,453885,1,2432,False
elga_credit_union__rr_4_14_75_visa_business_acct_disclosures_elgacu_01_01_26__597646,ELGA CREDIT UNION,credit_union,RR 4 14.75   VISA Business ACCT Disclosures   ELGACU   01 01 26,ELGA CREDIT UNION/RR 4-14.75 - VISA Business ACCT Disclosures - ELGACU - 01-01-26.pdf-597646.pdf,2026-Q1,ea3ccb80ad7acd434c3e36b93661e2f3267139205dc27f4845891d5816f6044a,453149,1,2432,False
fibre_federal_credit_union__solicitation_agreement_visa_line_of_credit_pricing_information__271317,FIBRE FEDERAL CREDIT UNION,credit_union,Solicitation agreement Visa Line of Credit Pricing Information,FIBRE FEDERAL CREDIT UNION/Solicitation agreement Visa-Line-of-Credit-Pricing-Information.pdf-271317.pdf,2026-Q1,9d1bbcab4bd661546305bde15ae1d4a9ec492349af47c222854b5d1c526a6ef9,1576678,2,3226,False
fibre_federal_credit_union__visa_agreement_and_disclosure__271317,FIBRE FEDERAL CREDIT UNION,credit_union,Visa Agreement and Disclosure,FIBRE FEDERAL CREDIT UNION/Visa-Agreement-and-Disclosure.pdf-271317.pdf,2026-Q1,255ee4060be79c6ef2f85c04510f3add98552d6127f88177ee08c910d65df200,1444502,5,26746,False
fibre_federal_credit_union__visa_agreement_and_disclosure_10_20_21__342286,FIBRE FEDERAL CREDIT UNION,credit_union,Visa Agreement and Disclosure 10 20 21,FIBRE FEDERAL CREDIT UNION/Visa Agreement and Disclosure 10-20-21.pdf-342286.pdf,2026-Q1,da4ced696488f0de42cbc649cf7d8cbfa76a8798e0ae423898cd9402ed5ccbef,157227,5,26746,False
fibre_federal_credit_union__visa_credit_card_agreement_and_disclosure__256428,FIBRE FEDERAL CREDIT UNION,credit_union,Visa Credit Card Agreement and Disclosure,FIBRE FEDERAL CREDIT UNION/Visa Credit Card Agreement and Disclosure.pdf-256428.pdf,2026-Q1,50050853bb597a5d065c60b1cd8c6212c31c28d79ba67b3189b8d33eed7d7a5a,154386,6,26951,False
fibre_federal_credit_union__visa_credit_card_statement__462298,FIBRE FEDERAL CREDIT UNION,credit_union,visa Credit Card Statement,FIBRE FEDERAL CREDIT UNION/visa-Credit-Card-Statement.pdf-462298.pdf,2026-Q1,8e5ce127b2539e28c0833f30347bb8246c72c1d2d7b0504e56239d6a0da6820d,723532,1,3449,False
marine_federal_credit_union__cc_agreements__498380,MARINE FEDERAL CREDIT UNION,credit_union,CC agreements,MARINE FEDERAL CREDIT UNION/CC agreements.pdf-498380.pdf,2026-Q1,51c661f28fa6be8db4c20fcaa00bc3566f301aed1c664bce39dfd7299c42c2b8,6580399,10,0,True
marine_federal_credit_union__consumer_cc_rate__498380,MARINE FEDERAL CREDIT UNION,credit_union,Consumer CC rate,MARINE FEDERAL CREDIT UNION/Consumer CC rate.pdf-498380.pdf,2026-Q1,fdba6150bb3628b127aad631e44425bb18146a8bb92cd900d3b93b2e2d9be15a,617266,2,0,True
marine_federal_credit_union__credit_card_agreement_4_2024__438505,MARINE FEDERAL CREDIT UNION,credit_union,Credit Card Agreement 4 2024,MARINE FEDERAL CREDIT UNION/Credit Card Agreement 4_2024.pdf-438505.pdf,2026-Q1,2230b971f44d37d571d8641efac7b8d357b11493518fb888f63374645af1bca0,6551301,10,0,True
marine_federal_credit_union__q2_2026_agreement__596685,MARINE FEDERAL CREDIT UNION,credit_union,Q2 2026 Agreement,MARINE FEDERAL CREDIT UNION/Q2_2026_Agreement.pdf-596685.pdf,2026-Q1,e10010bf9ca892434988c86c8636c6473c2f56dfa2dbeb941ef38bbfc4c232b6,484816,11,72372,False
marine_federal_credit_union__q2_2026_rate_disclosure__596685,MARINE FEDERAL CREDIT UNION,credit_union,Q2 2026 Rate Disclosure,MARINE FEDERAL CREDIT UNION/Q2_2026_Rate_Disclosure.pdf-596685.pdf,2026-Q1,887c681ce057ddfcc153797e399c14584f7aabe72a9f733048643f9b29d3eb6f,977447,2,4847,False
navy_federal_credit_union__573cc_2_26__580708,NAVY FEDERAL CREDIT UNION,credit_union,573CC (2 26),NAVY FEDERAL CREDIT UNION/573CC (2-26).pdf-580708.pdf,2026-Q1,ecf89ab81c3d7513a68be5c75a100c56e39188ca87b075d0bfc5eb9b959d76a1,99012,3,32640,False
onpoint_community_credit_union__020423_consumer_credit_rate_disclosure_balance_transfer__255670,ONPOINT COMMUNITY CREDIT UNION,credit_union,020423 Consumer Credit Rate Disclosure Balance Transfer,ONPOINT COMMUNITY CREDIT UNION/020423 Consumer Credit Rate Disclosure Balance Transfer.pdf-255670.pdf,2026-Q1,5c568c87506b3a46dd5969249bc3a7305164f6d8a38a8f645ad37f52f4cdf707,156307,3,6357,False
onpoint_community_credit_union__consumer_variable_rate_cc_agreement_revised_11_4_21__2043,ONPOINT COMMUNITY CREDIT UNION,credit_union,Consumer Variable Rate CC Agreement revised 11.4.21,ONPOINT COMMUNITY CREDIT UNION/Consumer Variable Rate CC Agreement_revised_11.4.21.pdf-2043.pdf,2026-Q1,c4e0e153195a91abcd388960fca75477f6b3a451187a779850d701d5cd434e00,1594284,10,28879,False
onpoint_community_credit_union__consumer_variable_rate_cc_agreement_revised_11_4_21_final__255669,ONPOINT COMMUNITY CREDIT UNION,credit_union,Consumer Variable Rate CC Agreement revised 11.4.21 FINAL,ONPOINT COMMUNITY CREDIT UNION/Consumer_Variable_Rate_CC_Agreement_revised_11.4.21_FINAL.pdf-255669.pdf,2026-Q1,eca4d9f02bff9349641b885067eb1f66b79b70ba460b1369b7853aa949ef5817,1597286,10,28879,False
onpoint_community_credit_union__onpoint_ccu_consumer_credit_card_rate_disclosure_12012021__255670,ONPOINT COMMUNITY CREDIT UNION,credit_union,OnPoint CCU Consumer Credit Card Rate Disclosure   12012021,ONPOINT COMMUNITY CREDIT UNION/OnPoint CCU Consumer Credit Card Rate Disclosure - 12012021.pdf-255670.pdf,2026-Q1,0549b3952eed1227e710627f9f7c37ee1d8fcbaa734b339315d6acee35fb9646,111132,2,3926,False
onpoint_community_credit_union__signature_visa_credit_card_agreement__255670,ONPOINT COMMUNITY CREDIT UNION,credit_union,Signature Visa Credit Card Agreement,ONPOINT COMMUNITY CREDIT UNION/Signature-Visa-Credit-Card-Agreement.pdf-255670.pdf,2026-Q1,cc1638a5ec777cd3c9c9a0a998c50a9510b57ae8136fc397e70e285ca4e118be,986593,10,28627,False
oregon_community_credit_union__beaver_card_occu_credit_card_account_agreement_6971__537949,OREGON COMMUNITY CREDIT UNION,credit_union,BEAVER CARD OCCU Credit Card Account Agreement 6971,OREGON COMMUNITY CREDIT UNION/BEAVER CARD OCCU_Credit_Card_Account_Agreement_6971.pdf-537949.pdf,2026-Q1,5c81b19e5c0c7c5c19ad543a96b0e781f1062622bb977dc076f03f06a49e2b5f,182558,6,28764,False
oregon_community_credit_union__occu_credit_card_account_agreement__256503,OREGON COMMUNITY CREDIT UNION,credit_union,OCCU Credit Card Account Agreement,OREGON COMMUNITY CREDIT UNION/OCCU Credit Card Account Agreement.pdf-256503.pdf,2026-Q1,4173ae70e5a087366e0aa5ebf2da2fa5e612020d5e55e7c477a92ba34e3e8b37,309597,5,27838,False
pentagon_federal_credit_union__penfed_cardholder_agreement_12_2024__256303,PENTAGON FEDERAL CREDIT UNION,credit_union,PenFed Cardholder Agreement 12.2024,PENTAGON FEDERAL CREDIT UNION/PenFed Cardholder Agreement 12.2024.pdf-256303.pdf,2026-Q1,35a85900654924bb0eb94b15097d9f3e4b7fda88008d926053a048b3101e764a,90877,3,35072,False
pentagon_federal_credit_union__penfed_pricing_addendum_11_2025__256303,PENTAGON FEDERAL CREDIT UNION,credit_union,PenFed Pricing Addendum 11.2025,PENTAGON FEDERAL CREDIT UNION/PenFed Pricing Addendum 11.2025.pdf-256303.pdf,2026-Q1,fcd2c3283174ecb55215ac095bef0dfb365170f22e0836d7a737882389ab5d47,141633,4,37040,False
summit_credit_union__solicitation_notice_10_1_2022__317421,SUMMIT CREDIT UNION,credit_union,Solicitation Notice 10.1.2022,SUMMIT CREDIT UNION/Solicitation Notice 10.1.2022.pdf-317421.pdf,2026-Q1,011514dd4bb0b6cc44d18e67d5661581f522b4ea50b17c8f5debfc36f9568d48,220846,3,6165,False
summit_credit_union__solicitation_notice_12_1_2022__334550,SUMMIT CREDIT UNION,credit_union,Solicitation Notice 12.1.2022,SUMMIT CREDIT UNION/Solicitation Notice 12.1.2022.pdf-334550.pdf,2026-Q1,e0a358a2d3c8312ee98a0cfbee4ad6600175eccfbabedab28a206aff61d75a06,212174,3,6146,False
summit_credit_union__solicitation_notice_12_1_2025_non_fillable__575735,SUMMIT CREDIT UNION,credit_union,Solicitation Notice 12.1.2025 non fillable,SUMMIT CREDIT UNION/Solicitation Notice 12.1.2025 non-fillable.pdf-575735.pdf,2026-Q1,0ea195115242f349298f86be30a6ba7d79da873f3ee315cc5b888cb88483c194,163559,3,6276,False
summit_credit_union__solicitation_notice_2_1_2026_non_fillable__593526,SUMMIT CREDIT UNION,credit_union,Solicitation Notice 2.1.2026 (non fillable),SUMMIT CREDIT UNION/Solicitation Notice 2.1.2026 (non-fillable).pdf-593526.pdf,2026-Q1,de70dda5c3520573b6d830d874a3fef9d8b91ca906dbabe37d3aacf0443d8485,138031,3,6304,False
summit_credit_union__summit_cu_cc_agreement__567269,SUMMIT CREDIT UNION,credit_union,Summit CU CC Agreement,SUMMIT CREDIT UNION/Summit CU CC Agreement.pdf-567269.pdf,2026-Q1,74eb2d40420b80c802fb4831cfcccd4a25288ff48023b35926514d7636d2e1e6,246027,3,24482,False
ally_bank__cardmember_agreement_for_ally_credit_cards_pricing_addendum_q2_2025__398888,ALLY BANK,national,Cardmember Agreement for Ally® Credit Cards Pricing Addendum Q2 2025,ALLY BANK/Cardmember Agreement for Ally┬« Credit Cards_Pricing_Addendum_Q2_2025.pdf-398888.pdf,2026-Q1,3edb30f0b4689a7ae19bfdd155b261dc23fa7cfd305e7e7d1a641fa9efc4b427,86672,2,2744,False
ally_bank__cardmember_agreement_for_ally_credit_cards_q2_2025__398888,ALLY BANK,national,Cardmember Agreement for Ally® Credit Cards Q2 2025,ALLY BANK/Cardmember Agreement for Ally┬« Credit Cards_Q2_2025.pdf-398888.pdf,2026-Q1,890b1730db59d1e2be652853ddd4bcdcbe7c5eec9252c2e1a02af08a7c9d7d30,156626,20,45272,False
american_express_national_bank__american_express_gold_card_cardmember_agreement__255468,AMERICAN EXPRESS NATIONAL BANK,national,American Express Gold Card Cardmember Agreement,AMERICAN EXPRESS NATIONAL BANK/American Express Gold Card Cardmember Agreement.pdf-255468.pdf,2026-Q1,b496f00589153cea1f2931087a2585a6bc632f0eb074f8f2a4dc5e77bdd8e9b5,819219,11,50749,False
american_express_national_bank__american_express_green_card_cardmember_agreement__255469,AMERICAN EXPRESS NATIONAL BANK,national,American Express Green Card Cardmember Agreement,AMERICAN EXPRESS NATIONAL BANK/American Express Green Card Cardmember Agreement.pdf-255469.pdf,2026-Q1,1b8a06165b129091dd7ef3d4700146c0c52741d6628d683a8cc3b2035397e6fb,809418,11,50693,False
american_express_national_bank__blue_cash_everyday_card_cardmember_agreement__255458,AMERICAN EXPRESS NATIONAL BANK,national,Blue Cash Everyday Card Cardmember Agreement,AMERICAN EXPRESS NATIONAL BANK/Blue Cash Everyday Card Cardmember Agreement.pdf-255458.pdf,2026-Q1,8c823b56812bd74a575e602a02a1c5cf3644654941632ea4b6b6f934af2470e2,792522,12,49563,False
american_express_national_bank__delta_skymiles_platinum_american_express_card_cardmember_agreement__255454,AMERICAN EXPRESS NATIONAL BANK,national,Delta SkyMiles Platinum American Express Card Cardmember Agreement,AMERICAN EXPRESS NATIONAL BANK/Delta SkyMiles Platinum American Express Card Cardmember Agreement.pdf-255454.pdf,2026-Q1,085acb3ec9aa61f8a76302a497505b6d0921f61e3ab2cbd979bbac55dacfb822,853672,12,48322,False
american_express_national_bank__platinum_card_from_american_express_cardmember_agreement__255467,AMERICAN EXPRESS NATIONAL BANK,national,Platinum Card from American Express Cardmember Agreement,AMERICAN EXPRESS NATIONAL BANK/Platinum Card from American Express Cardmember Agreement.pdf-255467.pdf,2026-Q1,0cedd3edd9a7dd5900d98852e91b09c6f1f68edc3b18b675a7d8c4611ea533c6,932178,11,50748,False
american_express_national_bank__the_charles_schwab_investor_card_cardmember_agreement__255446,AMERICAN EXPRESS NATIONAL BANK,national,The Charles Schwab Investor Card Cardmember Agreement,AMERICAN EXPRESS NATIONAL BANK/The Charles Schwab Investor Card Cardmember Agreement.pdf-255446.pdf,2026-Q1,ab5958fdd27439bd6861f5f8abdb669d4acb2c364dd1b53f84388b4e68885583,1315678,12,46986,False
american_express_travel_related_services_company_inc__american_express_card_cardmember_agreement__255595,"AMERICAN EXPRESS TRAVEL RELATED SERVICES COMPANY, INC.",national,American Express Card Cardmember Agreement,"AMERICAN EXPRESS TRAVEL RELATED SERVICES COMPANY, INC./American Express Card Cardmember Agreement.pdf-255595.pdf",2026-Q1,ebd8289ef9b288e5321c397868ad3fcfd4227510511790028117c40a381f4504,370772,6,26792,False
american_express_travel_related_services_company_inc__american_express_gold_card_cardmember_agreement__255593,"AMERICAN EXPRESS TRAVEL RELATED SERVICES COMPANY, INC.",national,American Express Gold Card Cardmember Agreement,"AMERICAN EXPRESS TRAVEL RELATED SERVICES COMPANY, INC./American Express Gold Card Cardmember Agreement.pdf-255593.pdf",2026-Q1,f171d6993f5234d972f342da56f87d8fe60649eb51cbc25157e3c07151d4b685,370494,6,26843,False
american_express_travel_related_services_company_inc__the_centurion_card_cardmember_agreement__255596,"AMERICAN EXPRESS TRAVEL RELATED SERVICES COMPANY, INC.",national,The Centurion Card Cardmember Agreement,"AMERICAN EXPRESS TRAVEL RELATED SERVICES COMPANY, INC./The Centurion Card Cardmember Agreement.pdf-255596.pdf",2026-Q1,d003e665c018b23b91ffb0b5eb9519e3546bbcea11aa9b761e2afbc2cd5ec663,779623,6,26822,False
american_express_travel_related_services_company_inc__the_platinum_card_cardmember_agreement__255594,"AMERICAN EXPRESS TRAVEL RELATED SERVICES COMPANY, INC.",national,The Platinum Card Cardmember Agreement,"AMERICAN EXPRESS TRAVEL RELATED SERVICES COMPANY, INC./The Platinum Card Cardmember Agreement.pdf-255594.pdf",2026-Q1,ecb6c068b467c10a602e30a85288a47c68f13deebbe922a111b5d42fd9c70519,568749,6,26744,False
bank_of_america_national_association__air_france_klm_visa_signature_english__597625,"BANK OF AMERICA, NATIONAL ASSOCIATION",national,Air France KLM Visa Signature English,"BANK OF AMERICA, NATIONAL ASSOCIATION/Air France KLM Visa Signature English.pdf-597625.pdf",2026-Q1,8269f3ddb1a9d6d95cb0af1dbfd54a0d6a7cd8a5710a3d73e73febd3f27184ff,113635,11,58377,False
bank_of_america_national_association__atmos_rewards_ascent_visa_signature_english__580709,"BANK OF AMERICA, NATIONAL ASSOCIATION",national,Atmos Rewards Ascent Visa Signature English,"BANK OF AMERICA, NATIONAL ASSOCIATION/Atmos Rewards Ascent Visa Signature English.pdf-580709.pdf",2026-Q1,9a2f01f0ab5ecc19fc3cd21d98de786280583065a20d81915db39ae2905cbb89,105530,11,59019,False
bank_of_america_national_association__bank_of_america_customized_cash_rewards_english__577565,"BANK OF AMERICA, NATIONAL ASSOCIATION",national,Bank of America Customized Cash Rewards English,"BANK OF AMERICA, NATIONAL ASSOCIATION/Bank of America Customized Cash Rewards English.pdf-577565.pdf",2026-Q1,580db401b29f22df6cc536d68ff52684021ef154a659c0fbb279b9e2a3d10832,106203,11,59254,False
bank_of_america_national_association__bank_of_america_customized_cash_rewards_secured_english__577545,"BANK OF AMERICA, NATIONAL ASSOCIATION",national,Bank of America Customized Cash Rewards Secured English,"BANK OF AMERICA, NATIONAL ASSOCIATION/Bank of America Customized Cash Rewards Secured English.pdf-577545.pdf",2026-Q1,9fd19d7aa1228a5748eac1f3afd2132f08e6a80bb68a6a418bcf077cbff45417,114642,12,65800,False
bank_of_america_national_association__bank_of_america_travel_rewards_secured_english__577546,"BANK OF AMERICA, NATIONAL ASSOCIATION",national,Bank of America Travel Rewards Secured English,"BANK OF AMERICA, NATIONAL ASSOCIATION/Bank of America Travel Rewards Secured English.pdf-577546.pdf",2026-Q1,74332d3bfa877f640437862667022c8b585a11187a3978adb20faf02d16141a0,112582,12,65324,False
bank_of_america_national_association__bank_of_america_unlimited_cash_rewards_english__577571,"BANK OF AMERICA, NATIONAL ASSOCIATION",national,Bank of America Unlimited Cash Rewards English,"BANK OF AMERICA, NATIONAL ASSOCIATION/Bank of America Unlimited Cash Rewards English.pdf-577571.pdf",2026-Q1,11b9438ce739b9256ab2fcbbd9570f070715566d03cccbf2716415667f864917,106157,11,59253,False
bank_of_america_national_association__bank_of_america_unlimited_cash_rewards_secured_english__577547,"BANK OF AMERICA, NATIONAL ASSOCIATION",national,Bank of America Unlimited Cash Rewards Secured English,"BANK OF AMERICA, NATIONAL ASSOCIATION/Bank of America Unlimited Cash Rewards Secured English.pdf-577547.pdf",2026-Q1,d57c68b6058b11fe8522f3ffa9e060b6cee5ab420c40ee7426b1dc40a8dbf06a,115461,12,65799,False
bank_of_america_national_association__bankamericard_secured_english__577549,"BANK OF AMERICA, NATIONAL ASSOCIATION",national,BankAmericard Secured English,"BANK OF AMERICA, NATIONAL ASSOCIATION/BankAmericard Secured English.pdf-577549.pdf",2026-Q1,7b4bc8b4d5c0d89ddde8a9a1802b610bcd0daa7a8c4db619c5997bd9af3c34fd,112438,12,64597,False
barclays_bank_delaware__barclaycardaddendum_042326__256598,BARCLAYS BANK DELAWARE,national,BarclaycardAddendum 042326,BARCLAYS BANK DELAWARE/BarclaycardAddendum_042326.pdf-256598.pdf,2026-Q1,5130f0ef047a84b00341b5584e9c1c944e22c41c04d2e554d46a74c2da016d43,89079,2,9454,False
barclays_bank_delaware__barclaycardpricing_042326__256598,BARCLAYS BANK DELAWARE,national,BarclaycardPricing 042326,BARCLAYS BANK DELAWARE/BarclaycardPricing_042326.pdf-256598.pdf,2026-Q1,7eba7e4299eb9c51821c6f5ac84a31d499941655d393e7bc14b7eb5e0250c7df,86043,2,3502,False
barclays_bank_delaware__barclaycardsca_042326__256598,BARCLAYS BANK DELAWARE,national,BarclaycardSCA 042326,BARCLAYS BANK DELAWARE/BarclaycardSCA_042326.pdf-256598.pdf,2026-Q1,fdc2367f8a4271ef65aa6237464312bbe435d8ed2692fcfe67ca2e22be1db340,143851,10,51618,False
barclays_bank_delaware__gapcobrandaddendum_042326__306167,BARCLAYS BANK DELAWARE,national,GapCobrandAddendum 042326,BARCLAYS BANK DELAWARE/GapCobrandAddendum_042326.pdf-306167.pdf,2026-Q1,faa0ca707632406c7254b98aff996272ebcabad19af3467bb94103c4d00d1d79,88576,2,9461,False
barclays_bank_delaware__gapcobrandsca_042326__306167,BARCLAYS BANK DELAWARE,national,GapCobrandSCA 042326,BARCLAYS BANK DELAWARE/GapCobrandSCA_042326.pdf-306167.pdf,2026-Q1,6ada66f190da685668aec15e9aeaa26e613a2cfed4db15101c23c8095d46c171,147392,10,52589,False
barclays_bank_delaware__gapprivatelabelsca_042326__306168,BARCLAYS BANK DELAWARE,national,GapPrivateLabelSCA 042326,BARCLAYS BANK DELAWARE/GapPrivateLabelSCA_042326.pdf-306168.pdf,2026-Q1,85012cf4274123bf7fd36014af6b2dfa50060ca95ff95b22e3b0fdc59fab6d1d,129966,9,43402,False
capital_bank_national_association__opensky_gold_card_agreement_sky2_v211__443478,"CAPITAL BANK, NATIONAL ASSOCIATION",national,opensky Gold Card Agreement SKY2 V211,"CAPITAL BANK, NATIONAL ASSOCIATION/opensky Gold Card Agreement SKY2 V211.pdf-443478.pdf",2026-Q1,62c33d62bdea0baf5e02ade72afd112bb3c11eda03f59ac48fdf1e3e1d64dd39,355074,14,62418,False
capital_bank_national_association__opensky_launch_application_tc_sky1_013__463230,"CAPITAL BANK, NATIONAL ASSOCIATION",national,opensky Launch Application TC SKY1 013,"CAPITAL BANK, NATIONAL ASSOCIATION/opensky Launch Application_TC SKY1-013.pdf-463230.pdf",2026-Q1,d88fca5b51ba67434f1170bf18251ce64bd05ec05901b1e490ea36d565bc7405,313016,4,14548,False
capital_bank_national_association__opensky_launch_ch_agreement_sky1_013__463230,"CAPITAL BANK, NATIONAL ASSOCIATION",national,opensky Launch CH Agreement SKY1 013,"CAPITAL BANK, NATIONAL ASSOCIATION/opensky Launch CH Agreement SKY1-013.pdf-463230.pdf",2026-Q1,2d0d3757b630bd7af6b21dc0540940cceba2531c06a5a9d3f7b50e98f2ce7c74,428302,16,70708,False
capital_bank_national_association__opensky_plus_card_agreement_plus_v018__443465,"CAPITAL BANK, NATIONAL ASSOCIATION",national,opensky Plus Card Agreement PLUS V018,"CAPITAL BANK, NATIONAL ASSOCIATION/opensky Plus Card Agreement PLUS V018.pdf-443465.pdf",2026-Q1,f78e6547eb8bdadb24fce989a908975f1b025a9418c002dffcfe134dec01e9ec,391068,15,67551,False
capital_bank_national_association__openskycard_ch_agreement_sky1_073__302916,"CAPITAL BANK, NATIONAL ASSOCIATION",national,openskyCard CH Agreement SKY1 073,"CAPITAL BANK, NATIONAL ASSOCIATION/openskyCard CH Agreement SKY1-073.pdf-302916.pdf",2026-Q1,37cf8806b3b15021e9e9661a4e9284f93e8b6f4dbf6b9da582bf8d74ac66fcf4,380943,15,67562,False
capital_one_national_association__credit_card_agreement_for_bjs_mastercard_cards_in_capital_one_n_a__360159,"CAPITAL ONE, NATIONAL ASSOCIATION",national,Credit Card Agreement for BJs Mastercard Cards in Capital One N.A.,"CAPITAL ONE, NATIONAL ASSOCIATION/Credit-Card-Agreement-for-BJs-Mastercard-Cards-in-Capital-One-N.A..pdf-360159.pdf",2026-Q1,7b677f441b9a955c795793f73ffd5dec437afec1c7a948f35ad94838d9e9c406,225529,6,33057,False
capital_one_national_association__credit_card_agreement_for_bass_pro_shops_club_cards_in_capital_one_n_a__255664,"CAPITAL ONE, NATIONAL ASSOCIATION",national,Credit Card Agreement for Bass Pro Shops CLUB Cards in Capital One N.A.,"CAPITAL ONE, NATIONAL ASSOCIATION/Credit-Card-Agreement-for-Bass-Pro-Shops-CLUB-Cards-in-Capital-One-N.A..pdf-255664.pdf",2026-Q1,d6f38ae13ce3e72826a042d3d8e99fe1f9afb00ef02379544bcd1cf1546a28d2,256955,7,31815,False
capital_one_national_association__credit_card_agreement_for_cabelas_club_cards_in_capital_one_n_a__255663,"CAPITAL ONE, NATIONAL ASSOCIATION",national,Credit Card Agreement for Cabelas CLUB Cards in Capital One N.A.,"CAPITAL ONE, NATIONAL ASSOCIATION/Credit-Card-Agreement-for-Cabelas-CLUB-Cards-in-Capital-One-N.A..pdf-255663.pdf",2026-Q1,b74296d53604cfa4acb4309ca9ed928ade5335269307daa8d64ac7671c92138f,300749,7,31814,False
capital_one_national_association__credit_card_agreement_for_consumer_no_preset_spending_limit_cards_in_capital_one_n_a__559129,"CAPITAL ONE, NATIONAL ASSOCIATION",national,"Credit Card Agreement for Consumer No Preset Spending Limit Cards in Capital One, N.A.","CAPITAL ONE, NATIONAL ASSOCIATION/Credit Card Agreement for Consumer No Preset Spending Limit Cards in Capital One, N.A..pdf-559129.pdf",2026-Q1,49f6124303c2fd5269aaa2bfd8d4461669f9380b302d20eaf6f6e2a8f2959011,230965,7,32403,False
capital_one_national_association__credit_card_agreement_for_consumer_secured_cards_in_capital_one_n_a__255665,"CAPITAL ONE, NATIONAL ASSOCIATION",national,Credit Card Agreement for Consumer Secured Cards in Capital One N.A.,"CAPITAL ONE, NATIONAL ASSOCIATION/Credit-Card-Agreement-for-Consumer-Secured-Cards-in-Capital-One-N.A..pdf-255665.pdf",2026-Q1,280d5d00b03bcf390449f98becc3cdad6084de1e4fb044757867481b3b426cb4,259399,8,35632,False
capital_one_national_association__credit_card_agreement_for_discover__582095,"CAPITAL ONE, NATIONAL ASSOCIATION",national,Credit Card Agreement for Discover,"CAPITAL ONE, NATIONAL ASSOCIATION/Credit Card Agreement for Discover.pdf-582095.pdf",2026-Q1,69caa20108be784313050dfdb92701777f126776325d639a0b1fbe66c60cda8f,233077,9,41743,False
capital_one_national_association__credit_card_agreement_for_t_mobile_visa_in_capital_one_n_a__581646,"CAPITAL ONE, NATIONAL ASSOCIATION",national,Credit Card Agreement for T Mobile Visa® in Capital One N.A.,"CAPITAL ONE, NATIONAL ASSOCIATION/Credit Card Agreement for T-Mobile Visa┬« in Capital One N.A..pdf-581646.pdf",2026-Q1,2715f047a7da2c816efc8a1ae0e3b7ad8b081bd4ed79fbf292416476ffb8e9cb,221475,7,33705,False
capital_one_national_association__credit_card_agreement_for_visa_signature_and_world_mastercard_cards_in_capital_one_n_a__255666,"CAPITAL ONE, NATIONAL ASSOCIATION",national,Credit Card Agreement for VISA Signature and World MasterCard Cards in Capital One N.A.,"CAPITAL ONE, NATIONAL ASSOCIATION/Credit-Card-Agreement-for-VISA-Signature-and-World-MasterCard-Cards-in-Capital-One-N.A..pdf-255666.pdf",2026-Q1,7bbb2e060c45ec45361bee155368ca7e1fbeb055eb72ac18b0ad3a2efc590c5b,224731,8,32446,False
chase_bank_usa_national_association__col00040_disney_agreement__255619,"CHASE BANK USA, NATIONAL ASSOCIATION",national,COL00040 Disney Agreement,"CHASE BANK USA, NATIONAL ASSOCIATION/COL00040 Disney Agreement.pdf-255619.pdf",2026-Q1,421aa688ccfbeec7176ae9ce6bf12c68f6c4e87b2591b098f8771fe233f9e4dd,649833,22,54202,False
chase_bank_usa_national_association__col00062_disney_visa_signature_agreement__255617,"CHASE BANK USA, NATIONAL ASSOCIATION",national,COL00062 Disney Visa Signature Agreement,"CHASE BANK USA, NATIONAL ASSOCIATION/COL00062 Disney Visa Signature Agreement.pdf-255617.pdf",2026-Q1,11671082fc13f69b4b302cd9de996310e1ef4a12e22484d349c4475e6ef3f446,314456,22,54014,False
chase_bank_usa_national_association__col00067_amazon_visa_signature_agreement__255616,"CHASE BANK USA, NATIONAL ASSOCIATION",national,COL00067 Amazon Visa Signature Agreement,"CHASE BANK USA, NATIONAL ASSOCIATION/COL00067 Amazon Visa Signature Agreement.pdf-255616.pdf",2026-Q1,7c67a4bbb436a45e161c234c60ec0723e55fac5971b7355272dd24184bf291bc,240753,22,54610,False
chase_bank_usa_national_association__col00090_iberia_visa_signature_agreement__255604,"CHASE BANK USA, NATIONAL ASSOCIATION",national,COL00090 Iberia Visa Signature Agreement,"CHASE BANK USA, NATIONAL ASSOCIATION/COL00090 Iberia Visa Signature Agreement.pdf-255604.pdf",2026-Q1,4535d5deab58c3f9a783909936c10c4e0f52a49df18e2a2bfac53451709a20ba,207875,21,50984,False
chase_bank_usa_national_association__col00094_visa_signature_or_infinite_agreement__255600,"CHASE BANK USA, NATIONAL ASSOCIATION",national,COL00094 Visa Signature or Infinite Agreement,"CHASE BANK USA, NATIONAL ASSOCIATION/COL00094 Visa Signature or Infinite Agreement.pdf-255600.pdf",2026-Q1,1145b01109383d08de99c4e368d7ed1dba981e5029c453611cb2326f51e93438,326411,21,51270,False
chase_bank_usa_national_association__col00095_visa_agreement__255599,"CHASE BANK USA, NATIONAL ASSOCIATION",national,COL00095 Visa Agreement,"CHASE BANK USA, NATIONAL ASSOCIATION/COL00095 Visa Agreement.pdf-255599.pdf",2026-Q1,d254c13023e2879337e7cd1b0035244154c7be80a4ec5aca5df84ce2067d1a23,330682,22,51423,False
chase_bank_usa_national_association__col00098_visa_signature_or_infinite_agreement_for_in_branch_offers__255598,"CHASE BANK USA, NATIONAL ASSOCIATION",national,COL00098 Visa Signature or Infinite Agreement (for in branch offers),"CHASE BANK USA, NATIONAL ASSOCIATION/COL00098 Visa Signature or Infinite Agreement (for in-branch offers).pdf-255598.pdf",2026-Q1,c979ca9b7df043d07a62bac0be5ea30768811cbc40f786ceea6ea58d9250bc3d,326448,21,51270,False
chase_bank_usa_national_association__col00099_visa_agreement_for_in_branch_offers__255597,"CHASE BANK USA, NATIONAL ASSOCIATION",national,COL00099 Visa Agreement (for in branch offers),"CHASE BANK USA, NATIONAL ASSOCIATION/COL00099 Visa Agreement (for in-branch offers).pdf-255597.pdf",2026-Q1,506d7ec4127549b0af0ad45d43d8f6c0c4441fa6ef7f6dd89017772e6e6fb02f,338193,22,51427,False
citibank_n_a__aadvantage_platinum_select_world_elite_cardmember_agreement__256182,"CITIBANK, N.A.",national,AAdvantage Platinum Select World Elite Cardmember Agreement,"CITIBANK, N.A./AAdvantage Platinum Select World Elite Cardmember Agreement.pdf-256182.pdf",2026-Q1,4967ed94ef6ee7f4dc1bed024e75db7de66b62ea27e2565b7bbcf48d50f8859c,310796,12,57097,False
citibank_n_a__at_t_points_plus_cardmember_agreement__339073,"CITIBANK, N.A.",national,AT&T Points Plus Cardmember Agreement,"CITIBANK, N.A./AT&T Points Plus Cardmember Agreement.pdf-339073.pdf",2026-Q1,04db88805a5a814ed608485c4c9fa88e39d789e759711117f2134ddf5192c1b7,351116,12,57018,False
citibank_n_a__at_t_points_plus_pricing_and_information_table__339073,"CITIBANK, N.A.",national,AT&T Points Plus Pricing and Information Table,"CITIBANK, N.A./AT&T Points Plus Pricing and Information Table.pdf-339073.pdf",2026-Q1,95c5e54d5baffd741bc75102a552dc2de722b88d1377e19df2438fdb425d9fba,313475,2,5023,False
citibank_n_a__american_airlines_aadvantage_mileup_cardmember_agreement__256186,"CITIBANK, N.A.",national,American Airlines AAdvantage Mileup Cardmember Agreement,"CITIBANK, N.A./American Airlines AAdvantage Mileup Cardmember Agreement.pdf-256186.pdf",2026-Q1,b57a354b13bafd0979580e491e4757826a4ca50b128c45dc5f6f93e2555d486b,364964,12,57204,False
citibank_n_a__citi_custom_cash_cardmember_agreement__256160,"CITIBANK, N.A.",national,Citi Custom Cash Cardmember Agreement,"CITIBANK, N.A./Citi Custom Cash Cardmember Agreement.pdf-256160.pdf",2026-Q1,67bd95582e7fe0c6f30f2c780508ef2e5023fbee1dcef393274e820935fdad43,383183,12,55730,False
citibank_n_a__citi_diamond_preferred_cardmember_agreement__256166,"CITIBANK, N.A.",national,Citi Diamond Preferred Cardmember Agreement,"CITIBANK, N.A./Citi Diamond Preferred Cardmember Agreement.pdf-256166.pdf",2026-Q1,5c975c22ddc6dd5f60c8dd8ef23e3005fe72341bd7506f3cd1b27b52337e47ad,387919,12,55729,False
citibank_n_a__citi_secured_cardmember_agreement__256164,"CITIBANK, N.A.",national,Citi Secured Cardmember Agreement,"CITIBANK, N.A./Citi Secured Cardmember Agreement.pdf-256164.pdf",2026-Q1,325567265c712d39d23e1e03135127052fef42796b8cd1934a5fa277647a3c90,388469,12,55729,False
citibank_n_a__citi_simplicity_cardmember_agreement__256162,"CITIBANK, N.A.",national,Citi Simplicity Cardmember Agreement,"CITIBANK, N.A./Citi Simplicity Cardmember Agreement.pdf-256162.pdf",2026-Q1,eb4c2e9ca1d32bfb8b944d5ec2a68939859f508f84729c18be54056fe9d40499,491062,12,55401,False
citibank_n_a__citi_strata_cardmember_agreement__256154,"CITIBANK, N.A.",national,Citi Strata Cardmember Agreement,"CITIBANK, N.A./Citi Strata Cardmember Agreement.pdf-256154.pdf",2026-Q1,19ed57d87dac7e5927e5ec8d1c84445a2fa55f7f6d138ad81925f7aa60f09faf,382867,12,55727,False
citibank_n_a__citi_strata_student_cardmember_agreement__256152,"CITIBANK, N.A.",national,Citi Strata Student Cardmember Agreement,"CITIBANK, N.A./Citi Strata Student Cardmember Agreement.pdf-256152.pdf",2026-Q1,95fd81107a2895703cf8bc1fa8244afc4ac8d8a465a721fb52a7b5618374c799,384161,12,55728,False
citizens_bank_national_association__citizens_amp_cardholder_agreement_june_2025__534353,"CITIZENS BANK, NATIONAL ASSOCIATION",national,Citizens Amp Cardholder Agreement June 2025,"CITIZENS BANK, NATIONAL ASSOCIATION/Citizens Amp Cardholder Agreement_June_2025.pdf-534353.pdf",2026-Q1,766f3aab918e6a446b707fa29e0ccab2ea9d90664275ba58327fd2ebe18cf08f,350770,17,60016,False
citizens_bank_national_association__citizens_spring_cardholder_agreement_june_2025__534354,"CITIZENS BANK, NATIONAL ASSOCIATION",national,Citizens Spring Cardholder Agreement June 2025,"CITIZENS BANK, NATIONAL ASSOCIATION/Citizens Spring Cardholder Agreement_June_2025.pdf-534354.pdf",2026-Q1,6cf2ffa339d2d0228ba1f1e8105a0c77b305629906782ae528f7dcbff7fe9cf2,348623,17,60657,False
citizens_bank_national_association__citizens_summit_cardholder_agreement_june_2025__534355,"CITIZENS BANK, NATIONAL ASSOCIATION",national,Citizens Summit Cardholder Agreement June 2025,"CITIZENS BANK, NATIONAL ASSOCIATION/Citizens Summit Cardholder Agreement_June_2025.pdf-534355.pdf",2026-Q1,0b873e5967402c2683527e3f1c501c16819df8f2e3e1acaec9531c5de0671a64,537478,19,74967,False
citizens_bank_national_association__citizens_summit_reserve_cardholder_agreement_june_2025__534356,"CITIZENS BANK, NATIONAL ASSOCIATION",national,Citizens Summit Reserve Cardholder Agreement June 2025,"CITIZENS BANK, NATIONAL ASSOCIATION/Citizens Summit Reserve Cardholder Agreement_June_2025.pdf-534356.pdf",2026-Q1,fcc7b91ccdc706caa738ca2ef090d7bf0d2dfba0b12bb661cab7e776a59ea5f4,520752,19,77491,False
citizens_bank_national_association__citizens_summit_reserve_private_bank_cardholder_agreement_june_2025__534358,"CITIZENS BANK, NATIONAL ASSOCIATION",national,Citizens Summit Reserve Private Bank Cardholder Agreement June 2025,"CITIZENS BANK, NATIONAL ASSOCIATION/Citizens Summit Reserve Private Bank Cardholder Agreement_June_2025.pdf-534358.pdf",2026-Q1,ea73c3be49947301e7765a44ed9fd943c460e9d5415ec0b04c1a78460fe8ac20,523537,19,77507,False
commerce_bank__bamsl_visa_signature_rewards_credit_card_cardholder_agreement__256022,COMMERCE BANK,national,BAMSL Visa Signature Rewards Credit Card Cardholder Agreement,COMMERCE BANK/BAMSL Visa Signature Rewards Credit Card Cardholder Agreement.pdf-256022.pdf,2026-Q1,7443e5f6f7e3cbd206aa9feffe7a06c310c4ea01fd881f538edc54fcc4e30629,279407,8,83780,False
commerce_bank__paytient__528090,COMMERCE BANK,national,Paytient,COMMERCE BANK/Paytient.pdf-528090.pdf,2026-Q1,4b346834f3ce0836e3a22a6964b8290729439127506cdd535a2415b97a3ab36e,1262115,5,0,True
commerce_bank__standard_agmt__439409,COMMERCE BANK,national,STANDARD AGMT,COMMERCE BANK/STANDARD_AGMT.pdf-439409.pdf,2026-Q1,7c3e7799c204f3babc47d5bfda85770cb431d8bb0b609ac333748486aabc105a,231959,8,83829,False
commerce_bank__texas_nurses_association_rewardssm_visa_credit_card_pricing_information__255918,COMMERCE BANK,national,Texas Nurses Association RewardsSM Visa Credit Card Pricing Information,COMMERCE BANK/Texas Nurses Association RewardsSM Visa Credit Card Pricing Information.pdf-255918.pdf,2026-Q1,fcac9eed06d3010fe9277b0a58621f4e4f76f9264e9cfac9d94e0af61d49b017,154230,1,3792,False
commerce_bank__whitetails_unlimited_visa_rewards_credit_card_cardholder_agreement__255891,COMMERCE BANK,national,WhiteTails Unlimited Visa Rewards Credit Card Cardholder Agreement,COMMERCE BANK/WhiteTails Unlimited Visa Rewards Credit Card Cardholder Agreement.pdf-255891.pdf,2026-Q1,3229313e7d2618ba6436835b6d21ffd0d6ca51f7d6a4fb14d0898c5c4d52b6b9,282120,8,83830,False
commerce_bank__npsl_agmt__255854,COMMERCE BANK,national,npsl agmt,COMMERCE BANK/npsl_agmt.pdf-255854.pdf,2026-Q1,9ae9f5d4353781d7953d500b4232178c68540e35efab0aab2e18fa1e578a6432,294986,9,87722,False
commerce_bank__secured_agmt__255879,COMMERCE BANK,national,secured agmt,COMMERCE BANK/secured_agmt.pdf-255879.pdf,2026-Q1,7d45d9ac45375e1d56a90a398495186ae5a33eb770810b8677ec7e611977f780,375427,8,81779,False
commerce_bank__standard_agmt__255875,COMMERCE BANK,national,standard agmt,COMMERCE BANK/standard agmt.pdf-255875.pdf,2026-Q1,f4a65286ada62506db56b9273e112c4ccf1093831e52e8c47ddc0d43000ea8c6,312472,9,86274,False
discover_bank__near_prime_cardmember_agreement_033126__582106,DISCOVER BANK,national,Near Prime Cardmember Agreement 033126,DISCOVER BANK/Near_Prime_Cardmember_Agreement_033126.pdf-582106.pdf,2026-Q1,6e124e3c45fef03f637521fc70e5a7a385685cafe20db4dce700532bb48a5c93,6061876,5,34727,False
discover_bank__prime_cardmember_agreement_033126__255536,DISCOVER BANK,national,Prime Cardmember Agreement 033126,DISCOVER BANK/Prime_Cardmember_Agreement_033126.pdf-255536.pdf,2026-Q1,8a3cb8286a80f480829bdce53836f5a69d0372d4ff0318138a5648112b3b084b,646126,5,34626,False
discover_bank__secured_cardmember_agreement_033126__255534,DISCOVER BANK,national,Secured Cardmember Agreement 033126,DISCOVER BANK/Secured_Cardmember_Agreement_033126.pdf-255534.pdf,2026-Q1,dfe39de3ddf17a0d217c981815923ca3401ff1a4e7d4b4db3823602065f0e02e,7382452,6,45324,False
fifth_third_bank_national_association__1_cardmember_agreement__326532,"FIFTH THIRD BANK, NATIONAL ASSOCIATION",national,1% Cardmember Agreement,"FIFTH THIRD BANK, NATIONAL ASSOCIATION/1% Cardmember Agreement.pdf-326532.pdf",2026-Q1,4409da9c283eb85b12f5bc5ec1e31dd69fba539c5799d415c6dd82560c703e40,2702425,7,34274,False
fifth_third_bank_national_association__employee_cardmember_agreement__326534,"FIFTH THIRD BANK, NATIONAL ASSOCIATION",national,Employee Cardmember Agreement,"FIFTH THIRD BANK, NATIONAL ASSOCIATION/Employee Cardmember Agreement.pdf-326534.pdf",2026-Q1,da5bffd50c4c1e63a3a60a5bb31a8cb32563c7fbb349669209378e3a97c225a5,6736289,10,54384,False
fifth_third_bank_national_association__preferred_cash_back_and_1_67_cardmember_agreement__326533,"FIFTH THIRD BANK, NATIONAL ASSOCIATION",national,Preferred Cash Back and 1.67 Cardmember Agreement,"FIFTH THIRD BANK, NATIONAL ASSOCIATION/Preferred Cash Back and 1.67 Cardmember Agreement.pdf-326533.pdf",2026-Q1,d22bafaf6b94b9812691afa2d21c445c928b91f3ca8796a0e42544329ecd1819,2657538,7,34555,False
fifth_third_bank_national_association__private_bank_cardmember_agreement__256325,"FIFTH THIRD BANK, NATIONAL ASSOCIATION",national,Private Bank Cardmember Agreement,"FIFTH THIRD BANK, NATIONAL ASSOCIATION/Private Bank Cardmember Agreement.pdf-256325.pdf",2026-Q1,eff50b25ae52d17093c391834ad89bbf6169bdc0e925dc97ab10aa4651ec69b3,2765809,10,52323,False
fifth_third_bank_national_association__secured_cardmember_agreement__326535,"FIFTH THIRD BANK, NATIONAL ASSOCIATION",national,Secured Cardmember Agreement,"FIFTH THIRD BANK, NATIONAL ASSOCIATION/Secured Cardmember Agreement.pdf-326535.pdf",2026-Q1,75a54ff80befd60d6d2c3e9ef1eba0fe288ff4c4c5245239f1474372cf147f1c,5994463,10,55252,False
first_national_bank_of_omaha__fbc317_plat_sig_world_3q25__255678,FIRST NATIONAL BANK OF OMAHA,national,FBC317 Plat Sig World 3Q25,FIRST NATIONAL BANK OF OMAHA/FBC317 Plat Sig World 3Q25.pdf-255678.pdf,2026-Q1,facccd11858818c24dd6a7bf64e7028793fb778129c68802a3fc113bc164f0c2,374886,9,44456,False
first_national_bank_of_omaha__sec317_secure_3q25__255675,FIRST NATIONAL BANK OF OMAHA,national,SEC317 Secure 3Q25,FIRST NATIONAL BANK OF OMAHA/SEC317 Secure 3Q25.pdf-255675.pdf,2026-Q1,6bf3f689539a0ea45c89a92b519486a3e088e96ac32f9eb7fb71c796f911950a,393263,9,48097,False
first_national_bank_of_omaha__sst317_secure_scheels_3q25__255674,FIRST NATIONAL BANK OF OMAHA,national,SST317 Secure Scheels 3Q25,FIRST NATIONAL BANK OF OMAHA/SST317 Secure Scheels 3Q25.pdf-255674.pdf,2026-Q1,7525622ead9af2e6d3bf6a8f074206a51246c432f0d0fcafc6abc3ed8165a1a6,410978,9,48639,False
first_national_bank_of_omaha__stlp17_tlp_1q26__255677,FIRST NATIONAL BANK OF OMAHA,national,stlp17 tlp 1q26,FIRST NATIONAL BANK OF OMAHA/stlp17-tlp-1q26.pdf-255677.pdf,2026-Q1,a4f3310c5468cdc2fb7d1d4aa5a3021de43c68b4e6440797a354ef38e51a3c96,347040,9,43845,False
first_citizens_bank_trust_company__first_citizens_bank_consumer_cc_all_t_c_q4_2024__500195,FIRST-CITIZENS BANK & TRUST COMPANY,national,First Citizens Bank Consumer CC ALL T&C Q4 2024,FIRST-CITIZENS BANK & TRUST COMPANY/First Citizens Bank Consumer CC ALL T&C Q4 2024.pdf-500195.pdf,2026-Q1,614ce8dd74ebb5e7beb8bb5d2a90bb7dfcfe6af11505505caab2b2603fb04114,238774,14,70223,False
first_citizens_bank_trust_company__mm15836_consumer_credit_card_agreement__587518,FIRST-CITIZENS BANK & TRUST COMPANY,national,MM15836 Consumer Credit Card Agreement,FIRST-CITIZENS BANK & TRUST COMPANY/MM15836_Consumer_Credit_Card_Agreement.pdf-587518.pdf,2026-Q1,7f35ba5e06bbe06785ba840be35bc141166e014a93c1782ceb7c2bf88fc892db,910930,14,71022,False
first_citizens_bank_trust_company__mm15850_wsh_082_sb_cardholder_agreement_disclosure__587519,FIRST-CITIZENS BANK & TRUST COMPANY,national,MM15850 WSH 082 SB Cardholder Agreement Disclosure,FIRST-CITIZENS BANK & TRUST COMPANY/MM15850-WSH-082_SB_Cardholder_Agreement_Disclosure.pdf-587519.pdf,2026-Q1,d306d51891e75474fa427e75152e4b17747929a6b1fbda0b8406a6d9b62351ec,488671,5,38161,False
first_citizens_bank_trust_company__southern_bank_cardholder_consumer_cc_all_t_c_q4_2024__500196,FIRST-CITIZENS BANK & TRUST COMPANY,national,Southern Bank Cardholder Consumer CC ALL T&C Q4 2024,FIRST-CITIZENS BANK & TRUST COMPANY/Southern Bank Cardholder Consumer CC ALL T&C Q4 2024.pdf-500196.pdf,2026-Q1,4b7b37ae4a4cd1bf00d07a0a6fad887245d7b4343a6c5f992f20d9cafe39ef71,209127,5,38449,False
goldman_sachs_bank_usa__2025_q4_apple_card_customer_agreement__255692,GOLDMAN SACHS BANK USA,national,2025 Q4 Apple Card Customer Agreement,GOLDMAN SACHS BANK USA/2025 Q4 Apple Card Customer Agreement.pdf-255692.pdf,2026-Q1,1bc76c454ae9091454c3a7d05794a134abc1be16a85e394793491e6604e01fa7,1494901,19,90369,False
huntington_national_bank_the__huntington_voice_credit_card_pricing_schedule__377725,"HUNTINGTON NATIONAL BANK, THE",national,Huntington Voice Credit Card Pricing Schedule,"HUNTINGTON NATIONAL BANK, THE/Huntington Voice Credit Card Pricing Schedule.pdf-377725.pdf",2026-Q1,9340730cdade03389aa565a6d9a4afc99bdf9f838207badf50eb0938261b5471,308790,1,3753,False
huntington_national_bank_the__rrcreditcardagree__302909,"HUNTINGTON NATIONAL BANK, THE",national,RRCREDITCARDAGREE,"HUNTINGTON NATIONAL BANK, THE/RRCREDITCARDAGREE.pdf-302909.pdf",2026-Q1,934a8d15bb3855e8a76d73310545463128465bb855de6c967ab953455d2f99a4,269430,20,67100,False
huntington_national_bank_the__rrcreditcardagree__317884,"HUNTINGTON NATIONAL BANK, THE",national,RRCREDITCARDAGREE,"HUNTINGTON NATIONAL BANK, THE/RRCREDITCARDAGREE.pdf-317884.pdf",2026-Q1,76b76945a2c827252c41f1f4b9f10b75eaaab70aa589d0b04d8cfc0d91e5df04,191386,19,66894,False
huntington_national_bank_the__voicebusinesscreditcardess__317886,"HUNTINGTON NATIONAL BANK, THE",national,VoiceBusinessCreditCardESS,"HUNTINGTON NATIONAL BANK, THE/VoiceBusinessCreditCardESS.pdf-317886.pdf",2026-Q1,e2c4163c32364f477e1a8d819337c66fe9518ac0cff77c7411e7fc8bedcf14be,180875,16,65343,False
huntington_national_bank_the__cashback_agree__302910,"HUNTINGTON NATIONAL BANK, THE",national,cashback agree,"HUNTINGTON NATIONAL BANK, THE/cashback-agree.pdf-302910.pdf",2026-Q1,93708376638ec775f5b923f7919555c51e7b36c2daf5c610bf8da98877e9694a,259649,18,66201,False
huntington_national_bank_the__cashback_agree__317885,"HUNTINGTON NATIONAL BANK, THE",national,cashback agree,"HUNTINGTON NATIONAL BANK, THE/cashback-agree.pdf-317885.pdf",2026-Q1,077132ced3097a7f3800e31d94fbc5a76f56bc6d52a5fdf144608ff38db30ec7,181442,18,67364,False
jpmorgan_chase_bank_national_association__col00040__271320,"JPMORGAN CHASE BANK, NATIONAL ASSOCIATION",national,COL00040,"JPMORGAN CHASE BANK, NATIONAL ASSOCIATION/COL00040.pdf-271320.pdf",2026-Q1,053066c42e97101f411a00846ee64e6c6dedd02e29c0b627964153df3f6c917c,266948,22,54908,False
jpmorgan_chase_bank_national_association__col00062__271323,"JPMORGAN CHASE BANK, NATIONAL ASSOCIATION",national,COL00062,"JPMORGAN CHASE BANK, NATIONAL ASSOCIATION/COL00062.pdf-271323.pdf",2026-Q1,f2f803395e13b5210bb3cf59123a4ae7acb8d298f4823a84057b03b65158d43c,266419,22,54657,False
jpmorgan_chase_bank_national_association__col00067__271324,"JPMORGAN CHASE BANK, NATIONAL ASSOCIATION",national,COL00067,"JPMORGAN CHASE BANK, NATIONAL ASSOCIATION/COL00067.pdf-271324.pdf",2026-Q1,0b4e1d9c383b225bb3875a5449eb01eacc02e0100bd1b3c1b8908a801e2ff501,259687,22,55696,False
jpmorgan_chase_bank_national_association__col00094__271340,"JPMORGAN CHASE BANK, NATIONAL ASSOCIATION",national,COL00094,"JPMORGAN CHASE BANK, NATIONAL ASSOCIATION/COL00094.pdf-271340.pdf",2026-Q1,a5e8662fa7eac37c29acec6380b513c2fca884cefeb13198af64b55d9e3180d2,397766,22,51913,False
jpmorgan_chase_bank_national_association__col00095__271341,"JPMORGAN CHASE BANK, NATIONAL ASSOCIATION",national,COL00095,"JPMORGAN CHASE BANK, NATIONAL ASSOCIATION/COL00095.pdf-271341.pdf",2026-Q1,6a367a6366dbf6194f4d535c97f8053abff565e7b0ab6d8d1a0a13a8fb91a7c5,299064,22,51986,False
jpmorgan_chase_bank_national_association__col00097__305696,"JPMORGAN CHASE BANK, NATIONAL ASSOCIATION",national,COL00097,"JPMORGAN CHASE BANK, NATIONAL ASSOCIATION/COL00097.pdf-305696.pdf",2026-Q1,99cab2b80f3c0001b44fdc0b1556834cfdfccfdc9c1fd3d88d2083468d3dccea,258055,22,51507,False
jpmorgan_chase_bank_national_association__col00099__271345,"JPMORGAN CHASE BANK, NATIONAL ASSOCIATION",national,COL00099,"JPMORGAN CHASE BANK, NATIONAL ASSOCIATION/COL00099.pdf-271345.pdf",2026-Q1,894900494c81ff51e76a4a7f5441f5a61a592d34c5f96955055c80e5b5c8bbee,299242,22,52004,False
keybank_national_association__key_latitude_credit_cardmember_agreement__270811,KEYBANK NATIONAL ASSOCIATION,national,Key Latitude Credit Cardmember Agreement,KEYBANK NATIONAL ASSOCIATION/Key Latitude Credit Cardmember Agreement.pdf-270811.pdf,2026-Q1,ddd8527484ea51e8c0b036cc8bdc4f2be19fd123dba54c1cf18f054bb11d146f,281695,17,62410,False
keybank_national_association__key_private_bank_credit_card_rates_and_fees_and_cardmember_agreement__256426,KEYBANK NATIONAL ASSOCIATION,national,Key Private Bank Credit Card Rates and Fees and Cardmember Agreement,KEYBANK NATIONAL ASSOCIATION/Key Private Bank Credit Card Rates and Fees and Cardmember Agreement.pdf-256426.pdf,2026-Q1,6af09806947cf8a76dc6238e8da7faafe1c255aecc3941238f9ebab4e5197476,319532,20,78428,False
keybank_national_association__key_secured_credit_cardmember_agreement__256422,KEYBANK NATIONAL ASSOCIATION,national,Key Secured Credit Cardmember Agreement,KEYBANK NATIONAL ASSOCIATION/Key Secured Credit Cardmember Agreement.pdf-256422.pdf,2026-Q1,bafb01a3147fbe588902f39514ef1f34c6aa4a06a005ed4cc0dbfbdce14d29cd,271815,15,56484,False
keybank_national_association__key2more_cardmember_agreement_11_8_18__8239,KEYBANK NATIONAL ASSOCIATION,national,Key2More CardMember Agreement 11.8.18,KEYBANK NATIONAL ASSOCIATION/Key2More CardMember Agreement 11.8.18.pdf-8239.pdf,2026-Q1,b38282935dc420a644fd9478f30bd2657d02f3df54e0bea0cba04bc97b93f2c5,502201,24,102347,False
keybank_national_association__key2more_rewards_credit_cardmember_agreement__270826,KEYBANK NATIONAL ASSOCIATION,national,Key2More Rewards Credit Cardmember Agreement,KEYBANK NATIONAL ASSOCIATION/Key2More Rewards Credit Cardmember Agreement.pdf-270826.pdf,2026-Q1,d54717d7b75974dca90c5c39965aa71166b4d528b6c80a7bb395c38bd6f22014,323749,20,80222,False
pnc_bank_national_association__agreement_cash_unlimited_credit_card__476658,"PNC BANK, NATIONAL ASSOCIATION",national,Agreement Cash Unlimited Credit Card,"PNC BANK, NATIONAL ASSOCIATION/Agreement-Cash-Unlimited-Credit-Card.pdf-476658.pdf",2026-Q1,b340bcaa51df8a23d7a259111b1101431cbf1a1b000c711d00be7ed9594f32bc,334716,7,76429,False
pnc_bank_national_association__agreement_cash_unlimited_credit_card_junepricing_r__476656,"PNC BANK, NATIONAL ASSOCIATION",national,Agreement Cash Unlimited Credit Card junepricing R,"PNC BANK, NATIONAL ASSOCIATION/Agreement-Cash-Unlimited-Credit-Card junepricing_R.pdf-476656.pdf",2026-Q1,24bf8baa4fc1235e9107993008f26ea106e367cad77958555d768e23f13d7208,573115,7,74328,False
pnc_bank_national_association__agreement_secured_credit_card_june_pricing_r__476659,"PNC BANK, NATIONAL ASSOCIATION",national,Agreement Secured Credit Card June Pricing R,"PNC BANK, NATIONAL ASSOCIATION/Agreement-Secured-Credit-Card June Pricing_R.pdf-476659.pdf",2026-Q1,f44a99c099fa1912a5ff0d75fb1a16f53a840ae17d66bcc5924bb69bfbd0ef80,316397,7,75472,False
pnc_bank_national_association__agreement_standard_credit_card_june_pricing_r__476654,"PNC BANK, NATIONAL ASSOCIATION",national,Agreement Standard Credit Card  june pricing R,"PNC BANK, NATIONAL ASSOCIATION/Agreement-Standard-Credit-Card- june pricing_R.pdf-476654.pdf",2026-Q1,85318ebc552a81f54a9c4d0581edaace54676587da017809abe418f05b51b211,535786,7,75834,False
pnc_bank_national_association__spend_wise_credit_card_agreement_and_pricing_addendum__566811,"PNC BANK, NATIONAL ASSOCIATION",national,Spend Wise Credit Card Agreement and Pricing Addendum,"PNC BANK, NATIONAL ASSOCIATION/Spend-Wise-Credit-Card-Agreement and Pricing Addendum.pdf-566811.pdf",2026-Q1,78a55ed809147bb20ec0ab2420d0856667203752cd0c0d160134ee7e10e66c06,331592,9,85860,False
pnc_bank_n_a__agreement_secured_credit_card_final__302912,PNC Bank N.A.,national,Agreement Secured Credit Card final,PNC Bank N.A./Agreement-Secured-Credit-Card final.pdf-302912.pdf,2026-Q1,5c3b0371314e863ce916b4f85016c866d218c8944b4247d01242a669681c5c8c,720768,14,62026,False
pnc_bank_n_a__agreement_secured_credit_card_final_1_30__340008,PNC Bank N.A.,national,Agreement Secured Credit Card final 1 30,PNC Bank N.A./Agreement-Secured-Credit-Card final 1_30.pdf-340008.pdf,2026-Q1,b964a9ce95d78c43a262e5bb84b266f28ac782827a0b17c0ad49adcc882a91e7,882297,15,64271,False
pnc_bank_n_a__agreement_standard_credit_card_clean_version_002__359678,PNC Bank N.A.,national,Agreement Standard Credit Card CLEAN version (002),PNC Bank N.A./Agreement-Standard-Credit-Card CLEAN version (002).pdf-359678.pdf,2026-Q1,a2151d07732e8f8f977ca061c3e2a3c0f78cafa7844d798fdad86766a1cfffba,765151,15,59741,False
pnc_bank_n_a__agreement_standard_credit_card_final__321496,PNC Bank N.A.,national,Agreement Standard Credit Card final,PNC Bank N.A./Agreement-Standard-Credit-Card final.pdf-321496.pdf,2026-Q1,69aab318a8d31fca70535d79891286cf1d049106a70b0cdd6d354bf36b634096,795065,15,59678,False
pnc_bank_n_a__agreement_standard_credit_card_final_1_30__340009,PNC Bank N.A.,national,Agreement Standard Credit Card final 1 30,PNC Bank N.A./Agreement-Standard-Credit-Card final 1_30.pdf-340009.pdf,2026-Q1,db64642fc78235f37fbc6a558c100001f8cf00de6b76a6f7d9efc26f0f58500a,835476,15,66882,False
pnc_bank_n_a__agreement_standard_credit_card_final__302913,PNC Bank N.A.,national,Agreement Standard Credit Card.final,PNC Bank N.A./Agreement-Standard-Credit-Card.final.pdf-302913.pdf,2026-Q1,0550804ce19b4b302e55211b24aae471f385730974bfbc1f66a28e803d87c483,795025,15,59681,False
regions_bank__f03_be40_8_unsecured__556853,REGIONS BANK,national,F03 BE40 8 Unsecured,REGIONS BANK/F03-BE40-8-Unsecured.pdf-556853.pdf,2026-Q1,bf58c96531cd69334370507afac5c516c3ba32cc085f2f48a1adca90e196767d,573038,18,76683,False
regions_bank__f03_be57_3_wealth__556855,REGIONS BANK,national,F03 BE57 3 Wealth,REGIONS BANK/F03-BE57-3-Wealth.pdf-556855.pdf,2026-Q1,7784c9eb60bbae06bff376b3b49c3b502dd6467332eb5c70da457d37f11546cd,500897,16,70906,False
regions_bank__f03_bh66_1_explore__582096,REGIONS BANK,national,F03 BH66 1 Explore,REGIONS BANK/F03-BH66-1-Explore.pdf-582096.pdf,2026-Q1,277e09e502f5abdc70d2d25f236f3df3adca4c885003b3fc6e2f49d7eba61611,482120,19,85116,False
state_farm_bank__credit_builder_visa_credit_card_agreement__257471,STATE FARM BANK,national,Credit Builder Visa Credit Card Agreement,STATE FARM BANK/Credit Builder Visa Credit Card Agreement.pdf-257471.pdf,2026-Q1,02a56845fbde4d333083e3540778fbededcf09d8c0549026a469b1152625a363,53422,2,44822,False
state_farm_bank__good_neighbor_visa_credit_card_agreement_and_disclosure__257565,STATE FARM BANK,national,Good Neighbor Visa Credit Card Agreement and Disclosure,STATE FARM BANK/Good Neighbor Visa Credit Card Agreement and Disclosure.pdf-257565.pdf,2026-Q1,c27056242f6c0152cf97f7aa015630057528f6104586362dd23992e9a1c0efd8,54990,2,45078,False
state_farm_bank__rewards_signature_visa_credit_card_agreement_and_disclosure__257564,STATE FARM BANK,national,Rewards Signature Visa Credit Card Agreement and Disclosure,STATE FARM BANK/Rewards Signature Visa Credit Card Agreement and Disclosure.pdf-257564.pdf,2026-Q1,45d46190fab9d92f47d2e5c5d29eee01ac2abefa3c1ec2198db44f1a84583a51,54429,2,45661,False
state_farm_bank__student_visa_credit_card_agreement_and_disclosure__257563,STATE FARM BANK,national,Student Visa Credit Card Agreement and Disclosure,STATE FARM BANK/Student Visa Credit Card Agreement and Disclosure.pdf-257563.pdf,2026-Q1,aff9fb4ed9c0ce7df01613a2535eb659b4e1e94ad4a6b251a680440a4b9b3cb4,54828,2,44922,False
td_bank_usa_national_association__credit_rates_fees__503838,"TD BANK USA, NATIONAL ASSOCIATION",national,Credit Rates & Fees,"TD BANK USA, NATIONAL ASSOCIATION/Credit Rates & Fees.pdf-503838.pdf",2026-Q1,ff9127bf752d5d6a193697cf5195c6183defc42bee756f02778264fa9cd0bf26,558981,2,0,True
td_bank_usa_national_association__target_credit_agreement__503838,"TD BANK USA, NATIONAL ASSOCIATION",national,Target Credit Agreement,"TD BANK USA, NATIONAL ASSOCIATION/Target Credit Agreement.pdf-503838.pdf",2026-Q1,721d02528b5a563d231e0db0e89cc5f16a3045af898cfceefecd99ce203c5d4d,2007512,4,0,True
td_bank_usa_national_association__target_credit_agreement_11_30_2025__514895,"TD BANK USA, NATIONAL ASSOCIATION",national,Target Credit Agreement 11.30.2025,"TD BANK USA, NATIONAL ASSOCIATION/Target Credit Agreement 11.30.2025.pdf-514895.pdf",2026-Q1,39f020844489c6e34b76c54add722e459184107eb15055e581a32d88aaf5ef7b,560646,7,33719,False
td_bank_usa_national_association__target_credit_rates_and_fees_11_30_2025__514895,"TD BANK USA, NATIONAL ASSOCIATION",national,Target Credit Rates and Fees 11.30.2025,"TD BANK USA, NATIONAL ASSOCIATION/Target Credit Rates and Fees 11.30.2025.pdf-514895.pdf",2026-Q1,faff2df5ffd0dfc7e0eebab257907d046abc3e6836482ec791df79d0f6f5df1d,310385,2,0,True
td_bank_usa_national_association__target_mastercard_agreement__421347,"TD BANK USA, NATIONAL ASSOCIATION",national,Target Mastercard Agreement,"TD BANK USA, NATIONAL ASSOCIATION/Target Mastercard Agreement.pdf-421347.pdf",2026-Q1,d118c0a8eabe5cacad7d5a260d093ef40aed8d940a63d38df0531d514869a76d,586080,7,34034,False
td_bank_usa_national_association__target_online_terms_agreement_04_07_2024__421346,"TD BANK USA, NATIONAL ASSOCIATION",national,Target Online Terms & Agreement 04.07.2024,"TD BANK USA, NATIONAL ASSOCIATION/Target Online Terms & Agreement 04.07.2024.pdf-421346.pdf",2026-Q1,5bfd77175aada1af77891cdeb6c2630e7547a8d8a85d70b1c2a74ed7760b2852,584262,7,33146,False
td_bank_national_association__blue_nile_account_summary_table_and_cardholder_agreement__354637,"TD BANK, NATIONAL ASSOCIATION",national,Blue Nile Account Summary Table and Cardholder Agreement,"TD BANK, NATIONAL ASSOCIATION/Blue Nile Account Summary Table and Cardholder Agreement.pdf-354637.pdf",2026-Q1,4483205b003929933e933f447dced4cf1dee49ea330aead7df254ea2d19beb07,550286,4,40371,False
td_bank_national_association__diamonds_international_tila__421337,"TD BANK, NATIONAL ASSOCIATION",national,DIAMONDS INTERNATIONAL  TILA,"TD BANK, NATIONAL ASSOCIATION/DIAMONDS INTERNATIONAL- TILA.pdf-421337.pdf",2026-Q1,9f34ec1da9651743a9d2a3c9c8755bda71d0a6df29cb04a1cfd24db4c883dbc4,579862,4,40374,False
td_bank_national_association__raymour_and_flanigan_account_summary_table_and_cardholder_agreement__256858,"TD BANK, NATIONAL ASSOCIATION",national,Raymour and Flanigan Account Summary Table and Cardholder Agreement,"TD BANK, NATIONAL ASSOCIATION/Raymour and Flanigan Account Summary Table and Cardholder Agreement.pdf-256858.pdf",2026-Q1,80f02ccfbcfd350d5036e785032d6210954ae9ae1adc6c1441b7d80742815ba1,575805,4,40407,False
td_bank_national_association__samsung_financing_program_account_summary_table_and_cardholder_agreement__256855,"TD BANK, NATIONAL ASSOCIATION",national,Samsung Financing Program Account Summary Table and Cardholder Agreement,"TD BANK, NATIONAL ASSOCIATION/Samsung Financing Program Account Summary Table and Cardholder Agreement.pdf-256855.pdf",2026-Q1,1550fd4871cecc941438919337195013da7ddca026d4157c87c0306a0b933809,575638,4,39998,False
td_bank_national_association__td_ameritrade_client_rewards_personal_credit_card_agreement__257071,"TD BANK, NATIONAL ASSOCIATION",national,TD Ameritrade Client Rewards Personal Credit Card Agreement,"TD BANK, NATIONAL ASSOCIATION/TD Ameritrade Client Rewards Personal Credit Card Agreement.pdf-257071.pdf",2026-Q1,d680fb1c475f71e500d9989898453f2b93248c010ae604822825111be0ffe847,346377,9,62787,False
td_bank_national_association__wellsville__300621,"TD BANK, NATIONAL ASSOCIATION",national,WELLSVILLE,"TD BANK, NATIONAL ASSOCIATION/WELLSVILLE.pdf-300621.pdf",2026-Q1,81288574cbdeabfc156473c2ee144dc6b9f72058b0ffa13f59a00b7b669a1048,573789,4,40407,False
truist_bank__consumer_credit_card_agreement_wealth_010226__288879,Truist Bank,national,Consumer Credit Card Agreement   Wealth   010226,Truist Bank/Consumer Credit Card Agreement - Wealth - 010226.pdf-288879.pdf,2026-Q1,845b8dde772f28af229f006c1fcb2cf4ba921ad7a9a1cb9f20fa7a05c6fbfc3f,427179,19,96813,False
truist_bank__enjoy_beyond_consumer_credit_card_agreement_010226__268980,Truist Bank,national,enjoy beyond consumer credit card agreement   010226,Truist Bank/enjoy-beyond-consumer-credit-card-agreement - 010226.pdf-268980.pdf,2026-Q1,c4cea8cae39203deec7cb68984df05cce4670482631288475c374d70b780b691,435208,19,96985,False
truist_bank__enjoy_cash_consumer_credit_card_agreement_010226__268978,Truist Bank,national,enjoy cash consumer credit card agreement   010226,Truist Bank/enjoy-cash-consumer-credit-card-agreement - 010226.pdf-268978.pdf,2026-Q1,af47c108343475547fbdef24b945c294f2d5f4e36c66350b48ce576c227e2143,437420,19,96871,False
truist_bank__future_consumer_credit_card_agreement_010226__268981,Truist Bank,national,future consumer credit card agreement   010226,Truist Bank/future-consumer-credit-card-agreement - 010226.pdf-268981.pdf,2026-Q1,dce333cd9dfc23d63bae267b8c0dc1e28ceaa0291da4e04cd96655df6a896d49,423355,19,96814,False
truist_bank__secured_enjoy_cash_consumer_credit_card_agreement_010226__268982,Truist Bank,national,secured enjoy cash consumer credit card agreement   010226,Truist Bank/secured-enjoy-cash-consumer-credit-card-agreement - 010226.pdf-268982.pdf,2026-Q1,070bcfb090d7440e158dc301b5669ae21baa9a96c80ff0fe1a9f52f9c7ed8cec,433117,20,100500,False
u_s_bank_national_association__fr006213482_03_usb_1q2026__255572,U.S. BANK NATIONAL ASSOCIATION,national,FR006213482 03 USB 1Q2026,U.S. BANK NATIONAL ASSOCIATION/FR006213482_03_USB_1Q2026.pdf-255572.pdf,2026-Q1,3147167e1569bc8a173900f5934b6983a7e298758838e63572ee36572d1ff7a9,411198,8,66310,False
u_s_bank_national_association__fr006213482_04_usbnpsl_1q2026__255573,U.S. BANK NATIONAL ASSOCIATION,national,FR006213482 04 USBNPSL 1Q2026,U.S. BANK NATIONAL ASSOCIATION/FR006213482_04_USBNPSL_1Q2026.pdf-255573.pdf,2026-Q1,4a1105ac22e2eaaf234f510b76b6e023de91236570d8b889fad83afd61c3b108,406077,8,65418,False
u_s_bank_national_association__fr006213482_06_usbloc_1q2026__255574,U.S. BANK NATIONAL ASSOCIATION,national,FR006213482 06 USBLOC 1Q2026,U.S. BANK NATIONAL ASSOCIATION/FR006213482_06_USBLOC_1Q2026.pdf-255574.pdf,2026-Q1,58094a0b4683d8ec92fe5d42378e88ece04dad8547ca19ad843f2ce8d4a8d838,393637,7,57049,False
u_s_bank_national_association__fr006213482_z01_elan_1q2026__255577,U.S. BANK NATIONAL ASSOCIATION,national,FR006213482 z01 ELAN 1Q2026,U.S. BANK NATIONAL ASSOCIATION/FR006213482_z01_ELAN_1Q2026.pdf-255577.pdf,2026-Q1,62805ddead04abc11ef5c12a73e3bf76c86e862150dcac6b5ead9dcc380a85ec,401546,8,61557,False
u_s_bank_national_association__fr006213482_z02_elan_npsl_1q2026__255578,U.S. BANK NATIONAL ASSOCIATION,national,FR006213482 z02 ELAN NPSL 1Q2026,U.S. BANK NATIONAL ASSOCIATION/FR006213482_z02_ELAN_NPSL_1Q2026.pdf-255578.pdf,2026-Q1,d025776b79440d05e1319f09175ee090aac068bdb947e28f2f15a5ed44ca206d,397386,8,61174,False
u_s_bank_national_association__fr006213482_z16_elan_fid_1q2026__255580,U.S. BANK NATIONAL ASSOCIATION,national,FR006213482 z16 ELAN FID 1Q2026,U.S. BANK NATIONAL ASSOCIATION/FR006213482_z16_ELAN_FID_1Q2026.pdf-255580.pdf,2026-Q1,46114abedf369b9736fbce0c22a93bbd740f85772211f57e917805a05e24209b,391656,7,57824,False
usaa_federal_savings_bank__bk_credit_card_combined_agreement__398902,USAA FEDERAL SAVINGS BANK,national,bk credit card combined agreement,USAA FEDERAL SAVINGS BANK/bk-credit-card-combined-agreement.pdf-398902.pdf,2026-Q1,4124e30638a13811eac2082b37061a3036469e94edff8ffe11bdfffaf7d40f23,166314,16,58178,False
wells_fargo_company__wells_fargo_active_cash_card__357807,WELLS FARGO & COMPANY,national,Wells Fargo Active Cash Card,WELLS FARGO & COMPANY/Wells Fargo Active Cash Card.pdf-357807.pdf,2026-Q1,ac63bbc1f572b18faba6e2cdb1ed1591728237edce3e457020f85858329ce495,413285,12,51222,False
wells_fargo_bank_national_association__choice_privileges_select_mastercard_credit_card_agreement__377697,"WELLS FARGO BANK, NATIONAL ASSOCIATION",national,Choice Privileges Select Mastercard Credit Card Agreement,"WELLS FARGO BANK, NATIONAL ASSOCIATION/Choice Privileges Select Mastercard Credit Card Agreement.pdf-377697.pdf",2026-Q1,8f02c18d65e3fa174e0612dbabe3ad598a8425d78613a4cbbcc47ddd334ebc8d,920234,20,59810,False
wells_fargo_bank_national_association__the_private_bank_by_invitation_visa_signature_card__255549,"WELLS FARGO BANK, NATIONAL ASSOCIATION",national,The Private Bank By Invitation Visa Signature Card,"WELLS FARGO BANK, NATIONAL ASSOCIATION/The Private Bank By Invitation Visa Signature Card.pdf-255549.pdf",2026-Q1,433ce09879034ddaed4c26453ba893a3dd2265b1cb91e034d6e4e0d02db78139,893813,21,63199,False
wells_fargo_bank_national_association__wells_fargo_active_cash_visa_card__255548,"WELLS FARGO BANK, NATIONAL ASSOCIATION",national,Wells Fargo Active Cash Visa Card,"WELLS FARGO BANK, NATIONAL ASSOCIATION/Wells Fargo Active Cash Visa Card.pdf-255548.pdf",2026-Q1,11f4ce3923be410a2b31bd970e7a0e6b25775a05130441be5847438290291cab,881530,25,63155,False
wells_fargo_bank_national_association__wells_fargo_advisors_by_invitation_visa_signature_card__359688,"WELLS FARGO BANK, NATIONAL ASSOCIATION",national,Wells Fargo Advisors By Invitation Visa Signature Card,"WELLS FARGO BANK, NATIONAL ASSOCIATION/Wells Fargo Advisors By Invitation Visa Signature Card.pdf-359688.pdf",2026-Q1,21aeb276aa0e811492429b374971e1d968b3011b20190d39218384073dbc5ed7,902261,21,63411,False
wells_fargo_bank_national_association__wells_fargo_attune_world_elite_mastercard__463245,"WELLS FARGO BANK, NATIONAL ASSOCIATION",national,Wells Fargo Attune World Elite Mastercard,"WELLS FARGO BANK, NATIONAL ASSOCIATION/Wells Fargo Attune World Elite Mastercard.pdf-463245.pdf",2026-Q1,2723db80f3a4a07b141e81c018488c3c48841ff67b86fe11eb44c38ce092c83d,932688,22,64201,False
wells_fargo_bank_national_association__wells_fargo_autograph_visa_card__305661,"WELLS FARGO BANK, NATIONAL ASSOCIATION",national,Wells Fargo Autograph Visa Card,"WELLS FARGO BANK, NATIONAL ASSOCIATION/Wells Fargo Autograph Visa Card.pdf-305661.pdf",2026-Q1,f40b222ed8c7375c75cd94350abfa9480e8ef59b842b2573e425c44ec5b5f111,1045697,21,62423,False
comenity_bank__bealls_inc_credit_card_bealls_florida_current_credit_card_agreements__255571,Comenity Bank,retail,Bealls Inc. Credit Card   Bealls Florida Current Credit Card Agreements,Comenity Bank/Bealls Inc. Credit Card - Bealls Florida_Current Credit Card Agreements.pdf-255571.pdf,2026-Q1,322c3b639148348b946c13dbdc92cf14b81756224727bfcc257d478b97677936,739263,22,50878,False
comenity_bank__bealls_inc_credit_card_bealls_outlet_current_credit_card_agreements__255570,Comenity Bank,retail,Bealls Inc. Credit Card   Bealls Outlet  Current Credit Card Agreements,Comenity Bank/Bealls Inc. Credit Card - Bealls Outlet_ Current Credit Card Agreements.pdf-255570.pdf,2026-Q1,e78c9ddfb4815b509fbb5147cb81f9a51b488f0f94b7caa064efa70a523a3a58,738021,22,50864,False
comenity_bank__bealls_inc_credit_card_burkes_outlet_current_credit_card_agreements__256843,Comenity Bank,retail,Bealls Inc. Credit Card   Burkes Outlet Current Credit Card Agreements,Comenity Bank/Bealls Inc. Credit Card - Burkes Outlet_Current Credit Card Agreements.pdf-256843.pdf,2026-Q1,b00675e5631109e839e544db50675f1a2c96475720e272751c7cf0a038149c55,738027,22,50864,False
comenity_bank__brylanehome_platinum_credit_card_current_credit_card_agreements__256844,Comenity Bank,retail,BrylaneHome Platinum Credit Card   Current Credit Card Agreements,Comenity Bank/BrylaneHome Platinum Credit Card - Current Credit Card Agreements.pdf-256844.pdf,2026-Q1,a6ed5f704598c95fe39925771470251ed249963abcc164938283649bbf924962,820863,23,51539,False
comenity_bank__catherines_platinum_credit_card_current_credit_card_agreements__287077,Comenity Bank,retail,Catherines Platinum Credit Card   Current Credit Card Agreements,Comenity Bank/Catherines Platinum Credit Card - Current Credit Card Agreements.pdf-287077.pdf,2026-Q1,adc19467daca38a8dd33d2843d3c0f16a0a7b1ab82726d77bb77aef73b75c8e6,761973,22,51104,False
comenity_bank__jessica_london_platinum_credit_card_current_credit_card_agreements__256832,Comenity Bank,retail,Jessica London Platinum Credit Card   Current Credit Card Agreements,Comenity Bank/Jessica London Platinum Credit Card - Current Credit Card Agreements.pdf-256832.pdf,2026-Q1,2a8920dbdb464be36c9dc9be0326a7eabb1a12a1701637c11a252ed93af855f7,800091,23,51575,False
comenity_bank__the_roomplace_credit_card_current_credit_card_agreements__256816,Comenity Bank,retail,The RoomPlace Credit Card   Current Credit Card Agreements,Comenity Bank/The RoomPlace Credit Card - Current Credit Card Agreements.pdf-256816.pdf,2026-Q1,61f2a262abe58b028264c8193c9f94fbb69ae9731b6cce3d4ef51e00b7c6d81e,800190,23,56609,False
comenity_bank__fullbeauty_platinum_credit_card_current_credit_card_agreements__256836,Comenity Bank,retail,fullbeauty Platinum Credit Card   Current Credit Card Agreements,Comenity Bank/fullbeauty Platinum Credit Card - Current Credit Card Agreements.pdf-256836.pdf,2026-Q1,f39c36adba87b62b4ed661c40d4568facfbe210671f7197693b35ae3eca39161,799928,23,51531,False
comenity_capital_bank__aaa_visa_signature_credit_card_current_credit_card_agreements__359682,Comenity Capital Bank,retail,AAA Visa Signature® credit card   Current Credit Card Agreements,Comenity Capital Bank/AAA Visa Signature┬« credit card - Current Credit Card Agreements.pdf-359682.pdf,2026-Q1,e9073a4bc26899442f6cd4d4ead8eb2f1ef8dd790478734e3cd5883122b3373e,780751,23,54050,False
comenity_capital_bank__alphaeon_credit_card_current_credit_card_agreements__256807,Comenity Capital Bank,retail,Alphaeon Credit Card   Current Credit Card Agreements,Comenity Capital Bank/Alphaeon Credit Card - Current Credit Card Agreements.pdf-256807.pdf,2026-Q1,37ceba4e4899e5cd0719af22f99d9ca339f3a98eef6a97b2413a49e2f216c4c7,862834,23,53347,False
comenity_capital_bank__ethan_allen_platinum_credit_card_current_credit_card_agreements__587970,Comenity Capital Bank,retail,Ethan Allen Platinum Credit Card   Current Credit Card Agreements,Comenity Capital Bank/Ethan Allen Platinum Credit Card - Current Credit Card Agreements.pdf-587970.pdf,2026-Q1,3081fc727fa18ad83b867d1a764140a6f9be5474da1a12d741f959b855bceb6c,1141220,20,51025,False
comenity_capital_bank__interval_world_mastercard_current_credit_card_agreements__256775,Comenity Capital Bank,retail,Interval World Mastercard   Current Credit Card Agreements,Comenity Capital Bank/Interval World Mastercard - Current Credit Card Agreements.pdf-256775.pdf,2026-Q1,1b9893852686ed8876bf8fbfdeb0048427e58c1ec9c0090df94af6fa9d805f92,787320,25,60166,False
comenity_capital_bank__my_smile_care_program_credit_current_credit_card_agreements__257141,Comenity Capital Bank,retail,My Smile Care Program Credit   Current Credit Card Agreements,Comenity Capital Bank/My Smile Care Program Credit - Current Credit Card Agreements.pdf-257141.pdf,2026-Q1,b662c2e25ece88fa8d9c359d4ee7664e6e5ffd695afc46a971e5fb0a7f3101ae,811733,23,52117,False
comenity_capital_bank__ntb_and_tire_kingdom_credit_card_credit_card_agreement__321518,Comenity Capital Bank,retail,NTB® and Tire Kingdom® Credit Card   Credit Card Agreement,Comenity Capital Bank/NTB┬« and Tire Kingdom┬« Credit Card - Credit Card Agreement.pdf-321518.pdf,2026-Q1,35d15bf9dcad624cc9939109e2079711058d1e3ad33689499fd10b4293f31204,1141472,21,54359,False
comenity_capital_bank__ross_mastercard_credit_card_current_credit_card_agreements__393444,Comenity Capital Bank,retail,Ross Mastercard® Credit Card   Current Credit Card Agreements,Comenity Capital Bank/Ross Mastercard┬« Credit Card - Current Credit Card Agreements.pdf-393444.pdf,2026-Q1,192f7b475309d999ca532f0843cbe45de94cad6b0de74274a0ec65cc880a309c,792163,24,58077,False
comenity_capital_bank__saks_credit_card_current_credit_card_agreements__472174,Comenity Capital Bank,retail,Saks Credit Card   Current Credit Card Agreements,Comenity Capital Bank/Saks Credit Card - Current Credit Card Agreements.pdf-472174.pdf,2026-Q1,1ca82954a6b72309cbbddf3dc70535e831f9d40648731a7af68e64ab7f9198d4,908349,27,59706,False
comenity_capital_bank__saks_world_elite_mastercard_credit_card_or_saks_credit_card_current_credit_card_agreements__472175,Comenity Capital Bank,retail,Saks World Elite Mastercard® Credit Card or Saks Credit Card   Current Credit Card Agreements,Comenity Capital Bank/Saks World Elite Mastercard┬« Credit Card or Saks Credit Card - Current Credit Card Agreements.pdf-472175.pdf,2026-Q1,dcc500023e0dcc64233c5deeeaaadbf13320f93b0a1035dca2cda17b83a4a570,862790,27,59760,False
comenity_capital_bank__toyota_rewards_visa_credit_card_current_credit_card_agreements__257304,Comenity Capital Bank,retail,Toyota Rewards Visa® Credit Card   Current Credit Card Agreements,Comenity Capital Bank/Toyota Rewards Visa┬« Credit Card - Current Credit Card Agreements.pdf-257304.pdf,2026-Q1,5b321b055d27213dcc911d5ecd721817ed5083e490842b3fd7d7d7a97325f194,838642,26,57422,False
comenity_capital_bank__myacademy_rewards_credit_card_current_credit_card_agreements__593064,Comenity Capital Bank,retail,myAcademy Rewards Credit Card   Current Credit Card Agreements,Comenity Capital Bank/myAcademy Rewards Credit Card - Current Credit Card Agreements.pdf-593064.pdf,2026-Q1,44f85de53971341512a5e8aba0312fb01821984f69c69a3b8a2e3ba7ecf0adc3,796300,27,58084,False
comenity_capital_bank__myacademy_rewards_mastercard_credit_card_or_myacademy_rewards_credit_card_current_credit_card_agreements__593065,Comenity Capital Bank,retail,myAcademy Rewards Mastercard® Credit Card or myAcademy Rewards Credit Card   Current Credit Card Agreements,Comenity Capital Bank/myAcademy Rewards Mastercard┬« Credit Card or myAcademy Rewards Credit Card - Current Credit Card Agreements.pdf-593065.pdf,2026-Q1,60910933a9834110c8446d050cea42ebef13bf00d5962f6d2247ea4a5a363ccc,807350,27,58084,False
synchrony_financial__amazon_secured_card_and_prime_secured_card_account_agreement_and_pricing_addendum_final__255525,SYNCHRONY FINANCIAL,retail,Amazon Secured Card and Prime Secured Card Account Agreement and Pricing Addendum FINAL,SYNCHRONY FINANCIAL/Amazon_Secured_Card_and_Prime_Secured_Card_Account_Agreement_and_Pricing_Addendum_FINAL.pdf-255525.pdf,2026-Q1,2635015229c7960d7934c38ee4d9a50683dd3a053e51b639c2d7b1d718663ae7,71939,8,42980,False
synchrony_financial__american_eagle_visa_card_account_agreement_and_pricing_addendum_final__255526,SYNCHRONY FINANCIAL,retail,American Eagle Visa Card Account Agreement and Pricing Addendum FINAL,SYNCHRONY FINANCIAL/American_Eagle_Visa_Card_Account_Agreement_and_Pricing_Addendum_FINAL.pdf-255526.pdf,2026-Q1,cc245e68ca1e50231116c90113304311ebfc3dccc64d241b7b50992fd35f8903,64838,6,31555,False
synchrony_financial__at_home_insider_perks_mastercard_account_agreement_and_pricing_addendum_final__255522,SYNCHRONY FINANCIAL,retail,At Home Insider Perks Mastercard Account Agreement and Pricing Addendum FINAL,SYNCHRONY FINANCIAL/At_Home_Insider_Perks_Mastercard_Account_Agreement_and_Pricing_Addendum_FINAL.pdf-255522.pdf,2026-Q1,13a06950255237713908de5b43765319b06ac52c7fd2cd5c7a942c9444e698c0,64768,7,32952,False
synchrony_financial__cathay_world_elite_mastercard_account_agreement_and_pricing_addendum_final__540738,SYNCHRONY FINANCIAL,retail,Cathay World Elite Mastercard Account Agreement and Pricing Addendum FINAL,SYNCHRONY FINANCIAL/Cathay_World_Elite_Mastercard_Account_Agreement_and_Pricing_Addendum_FINAL.pdf-540738.pdf,2026-Q1,bbeafe9a40e7e4177f90bd572f97e01e0a3128c47d569d8a58e5bc45d05e22d4,66087,7,34914,False
synchrony_financial__fleet_farm_visa_card_account_agreement_and_pricing_addendum_final__255508,SYNCHRONY FINANCIAL,retail,Fleet Farm Visa Card Account Agreement and Pricing Addendum FINAL,SYNCHRONY FINANCIAL/Fleet_Farm_Visa_Card_Account_Agreement_and_Pricing_Addendum_FINAL.pdf-255508.pdf,2026-Q1,0160f45585dc1a909b433a71e6b2f9dd6e913131d9ec1c9ed157331097fc3903,65902,7,34237,False
synchrony_financial__jcpenney_credit_card_account_agreement_and_pricing_addendum_final__255502,SYNCHRONY FINANCIAL,retail,JCPenney Credit Card Account Agreement and Pricing Addendum FINAL,SYNCHRONY FINANCIAL/JCPenney_Credit_Card_Account_Agreement_and_Pricing_Addendum_FINAL.pdf-255502.pdf,2026-Q1,d182b716066e5d71c7dfa2c930819fc1001d90c5ddff9dcccafaccef2373663b,66983,6,27849,False
synchrony_financial__jcpenney_mastercard_account_agreement_and_pricing_addendum_final__255501,SYNCHRONY FINANCIAL,retail,JCPenney Mastercard Account Agreement and Pricing Addendum FINAL,SYNCHRONY FINANCIAL/JCPenney_Mastercard_Account_Agreement_and_Pricing_Addendum_FINAL.pdf-255501.pdf,2026-Q1,170a6f4d9c0ca32a09bb81bf5e1f2fd5c0fb7d8d39ff6fc7ae3425be0481cf8e,71399,7,31911,False
synchrony_financial__nissan_visa_card_account_agreement_and_pricing_information__255499,SYNCHRONY FINANCIAL,retail,Nissan Visa Card Account Agreement and Pricing Information,SYNCHRONY FINANCIAL/Nissan Visa Card Account Agreement and Pricing Information.pdf-255499.pdf,2026-Q1,3170f3aae84ee67837b5079af3c74eb3154859b15f79444efa0acaa10608e77c,447338,6,29673,False
synchrony_financial__nissan_visa_signature_card_account_agreement_and_pricing_information__255498,SYNCHRONY FINANCIAL,retail,Nissan Visa Signature Card Account Agreement and Pricing Information,SYNCHRONY FINANCIAL/Nissan Visa Signature Card Account Agreement and Pricing Information.pdf-255498.pdf,2026-Q1,f9cceaf91e7d8be9623d043ae6247840c767628e1622ee70d90ad44389ede997,445766,6,29110,False
synchrony_financial__paypal_cashback_mastercard_account_agreement_and_pricing_addendum_final__255494,SYNCHRONY FINANCIAL,retail,PayPal Cashback Mastercard Account Agreement and Pricing Addendum FINAL,SYNCHRONY FINANCIAL/PayPal_Cashback_Mastercard_Account_Agreement_and_Pricing_Addendum_FINAL.pdf-255494.pdf,2026-Q1,b2eada5acd861bc616e417a4e63ae9b92f829aaf8b837240145c46d296e33dcc,262171,6,40637,False
synchrony_financial__paypal_credit_account_agreement_and_pricing_addendum_final__255493,SYNCHRONY FINANCIAL,retail,PayPal Credit Account Agreement and Pricing Addendum FINAL,SYNCHRONY FINANCIAL/PayPal_Credit_Account_Agreement_and_Pricing_Addendum_FINAL.pdf-255493.pdf,2026-Q1,23ba2d99403e9546139f2998710f73dac3edf1f9dea7d7ad8eae2561ee642fcd,274030,6,35458,False
synchrony_financial__paypal_credit_mastercard_account_agreement_and_pricing_addendum_final__540739,SYNCHRONY FINANCIAL,retail,PayPal Credit Mastercard Account Agreement and Pricing Addendum FINAL,SYNCHRONY FINANCIAL/PayPal_Credit_Mastercard_Account_Agreement_and_Pricing_Addendum_FINAL.pdf-540739.pdf,2026-Q1,42f462b66fd464cd88b6d5edee8d3ad6afd3df7ecc64730f08247bcae5b82f8f,278549,6,38742,False
synchrony_financial__phillips_66_commerical_credit_card_account_agreement_and_pricing_information__267533,SYNCHRONY FINANCIAL,retail,Phillips 66 Commerical Credit Card Account Agreement and Pricing Information,SYNCHRONY FINANCIAL/Phillips 66 Commerical Credit Card Account Agreement and Pricing Information.pdf-267533.pdf,2026-Q1,e523d111424009cae378cd6a3f0abd6e7fc1113a191370312572461773c7314a,67086,4,26204,False
synchrony_financial__sun_country_visa_signature_card_account_agreement_and_pricing_addendum_final__560526,SYNCHRONY FINANCIAL,retail,Sun Country Visa Signature Card Account Agreement and Pricing Addendum FINAL,SYNCHRONY FINANCIAL/Sun_Country_Visa_Signature_Card_Account_Agreement_and_Pricing_Addendum_FINAL.pdf-560526.pdf,2026-Q1,7c8b1925e25a27bffb42740a625ebc19735bede06771fae4a6be82bb813a6d3a,66052,7,34748,False
synchrony_financial__synchrony_preferred_mastercard_account_agreement_and_pricing_addendum_final__255482,SYNCHRONY FINANCIAL,retail,Synchrony Preferred Mastercard Account Agreement and Pricing Addendum FINAL,SYNCHRONY FINANCIAL/Synchrony_Preferred_Mastercard_Account_Agreement_and_Pricing_Addendum_FINAL.pdf-255482.pdf,2026-Q1,aefab10c109f62221a2eaaa7b83982f54c66c177460c4e90701b525dafa7f98a,64313,7,33415,False
synchrony_financial__synchrony_premier_world_mastercard_account_agreement_and_pricing_addendum_final__255481,SYNCHRONY FINANCIAL,retail,Synchrony Premier World Mastercard Account Agreement and Pricing Addendum FINAL,SYNCHRONY FINANCIAL/Synchrony_Premier_World_Mastercard_Account_Agreement_and_Pricing_Addendum_FINAL.pdf-255481.pdf,2026-Q1,f6b47dc3f1b152b7dd379b45a61e2e1a38a6cf2d346034a55fa06ccb233aec7b,65734,7,34582,False
synchrony_financial__venmo_visa_credit_card_account_agreement_and_pricing_addendum_final__255476,SYNCHRONY FINANCIAL,retail,Venmo Visa Credit Card Account Agreement and Pricing Addendum FINAL,SYNCHRONY FINANCIAL/Venmo_Visa_Credit_Card_Account_Agreement_and_Pricing_Addendum_FINAL.pdf-255476.pdf,2026-Q1,7ca4f238e60b2206ee0f274d09e378e3a6e966163d2ca8b246fd98c75aa5d2a2,328759,5,38663,False
synchrony_financial__venmo_visa_signature_credit_card_account_agreement_and_pricing_addendum_fial__255475,SYNCHRONY FINANCIAL,retail,Venmo Visa Signature Credit Card Account Agreement and Pricing Addendum FIAL,SYNCHRONY FINANCIAL/Venmo_Visa_Signature_Credit_Card_Account_Agreement_and_Pricing_Addendum_FIAL.pdf-255475.pdf,2026-Q1,55b21e11367bdbecc5db110a665d52955ba5a40602b72b315ab278d1c4373b17,330171,5,38702,False
synchrony_financial__verizon_visa_signature_card_account_agreement_and_pricing_addendum_final__255474,SYNCHRONY FINANCIAL,retail,Verizon Visa Signature Card Account Agreement and Pricing Addendum FINAL,SYNCHRONY FINANCIAL/Verizon_Visa_Signature_Card_Account_Agreement_and_Pricing_Addendum_FINAL.pdf-255474.pdf,2026-Q1,a8078f9416a078618873847b26a8e95b3530ac333d0ba69a3df6671ec159a84f,66278,7,35058,False
synchrony_financial__virgin_red_rewards_mastercard_account_agreement_and_pricing_addendum_final__485765,SYNCHRONY FINANCIAL,retail,Virgin Red Rewards Mastercard Account Agreement And Pricing Addendum FINAL,SYNCHRONY FINANCIAL/Virgin_Red_Rewards_Mastercard_Account_Agreement_And_Pricing_Addendum_FINAL.pdf-485765.pdf,2026-Q1,77e0f07f2f8c134e9c81fed1ed84edeb302f7735aaeb465c2d05bf20e5588eac,66270,7,34966,False
first_premier_bank__agreement_crkl_55__303813,FIRST PREMIER BANK,subprime,AGREEMENT CRKL 55,FIRST PREMIER BANK/AGREEMENT_CRKL_55.pdf-303813.pdf,2026-Q1,0e3a4878c6008c517fffe3054f0eebe905cb68538ce8bd9a96f8c4b6195325d4,992287,4,53531,False
first_premier_bank__agreement_crmd_00__535729,FIRST PREMIER BANK,subprime,AGREEMENT CRMD 00,FIRST PREMIER BANK/AGREEMENT_CRMD_00.pdf-535729.pdf,2026-Q1,e0abd8c8da6aa2df2a5af1eb8a0e9fdaaae114bab829c5e034b77c7c314e978e,1016456,4,53255,False
first_premier_bank__agreement_crme_95__581166,FIRST PREMIER BANK,subprime,AGREEMENT CRME 95,FIRST PREMIER BANK/AGREEMENT_CRME_95.pdf-581166.pdf,2026-Q1,c40fb1e4b63346311e28f0ac6c44e2db231c1feea82c69b6aa738491c55b4944,1041581,4,53536,False
first_premier_bank__agreement_crmm_89__559132,FIRST PREMIER BANK,subprime,AGREEMENT CRMM 89,FIRST PREMIER BANK/AGREEMENT_CRMM_89.pdf-559132.pdf,2026-Q1,794aeaab589e6c0bb86ea9ea02e74cade52cb204f613d11c0cd5bb36e80e8eb8,1017598,4,53537,False
first_premier_bank__agreement_crmp_00__559135,FIRST PREMIER BANK,subprime,AGREEMENT CRMP 00,FIRST PREMIER BANK/AGREEMENT_CRMP_00.pdf-559135.pdf,2026-Q1,cbfc4f1a0abf932e1117469a4da3554d9c2dcfa13808962e52619ee45a70e27e,1010156,4,53228,False
first_premier_bank__agreement_crmq_00__581167,FIRST PREMIER BANK,subprime,AGREEMENT CRMQ 00,FIRST PREMIER BANK/AGREEMENT_CRMQ_00.pdf-581167.pdf,2026-Q1,21c8d6988ed71ad58f7b4ce6e1ffd59612f22fdba710e88fb5658cc7e5c48fce,1030766,4,53255,False
merrick_bank__110830072_mb_ch_agreement_secured_and_pricing_mar__255801,MERRICK BANK,subprime,110830072 MB CH Agreement Secured and Pricing Mar,MERRICK BANK/110830072_MB CH Agreement_Secured and Pricing_Mar.pdf-255801.pdf,2026-Q1,9e6c1f35876c108d2f48cd42b2830a4e30ce6a41ce2792449eb0c563df709dd8,415021,9,75235,False
merrick_bank__110830072_mb_ch_agreement_unsecured_and_pricing_mar__255803,MERRICK BANK,subprime,110830072 MB CH Agreement Unsecured and Pricing Mar,MERRICK BANK/110830072_MB CH Agreement_Unsecured and Pricing_Mar.pdf-255803.pdf,2026-Q1,cdcfffb3edee4b6aec5ec23465d4e16a59111b06b8f1e78e662033136f8aecda,223740,9,75038,False
merrick_bank__ollo_ch_agreement_and_pricing_final_mar_2026__581640,MERRICK BANK,subprime,Ollo CH Agreement and Pricing Final Mar 2026,MERRICK BANK/Ollo_CH_Agreement_and Pricing_Final_Mar 2026.pdf-581640.pdf,2026-Q1,eb4d07b6291be01ba902a876c843a6d8b980f99055ce36257e021fbd80d16298,1647311,4,44080,False
mission_lane_llc__mission_lane_cash_back_program_terms__340029,Mission Lane LLC,subprime,Mission Lane Cash Back Program Terms,Mission Lane LLC/Mission Lane Cash Back Program Terms_.pdf-340029.pdf,2026-Q1,d01a4ab100580ac047ca42b5e605baac05cf77b47fbbba0fbe2bcef84ada908b,132862,7,12091,False
mission_lane_llc__the_mission_lane_secured_visa_credit_card_issued_by_transportation_alliance_bank_inc_dba_tab_bank_2026__340031,Mission Lane LLC,subprime,"The Mission Lane Secured Visa® Credit Card Issued by Transportation Alliance Bank, Inc. dba TAB Bank 2026","Mission Lane LLC/The Mission Lane Secured Visa┬« Credit Card Issued by Transportation Alliance Bank, Inc. dba TAB Bank 2026.pdf-340031.pdf",2026-Q1,35f8fbe994931f9292fbcd3f37ea600e68f637a0902d34d152eeba4ac29d3a3e,338768,27,64754,False
mission_lane_llc__the_mission_lane_visa_credit_card_issued_by_transportation_alliance_bank_inc_dba_tab_bank_2026__340027,Mission Lane LLC,subprime,"The Mission Lane Visa® Credit Card Issued by Transportation Alliance Bank, Inc. dba TAB Bank 2026","Mission Lane LLC/The Mission Lane Visa┬« Credit Card Issued by Transportation Alliance Bank, Inc. dba TAB Bank 2026.pdf-340027.pdf",2026-Q1,39448e601fdf4d626d69d8d3b7fe3198e1a0e1d5b4db72abe0acf41fc011e6f0,288535,25,56176,False
mission_lane_llc__the_mission_lane_visa_credit_card_issued_by_webbank_2026__503819,Mission Lane LLC,subprime,The Mission Lane Visa® Credit Card Issued by WebBank 2026,Mission Lane LLC/The Mission Lane Visa┬« Credit Card Issued by WebBank 2026.pdf-503819.pdf,2026-Q1,ab0460a00f522931341b44f4df3b75992789b3721740cdb30a1ddf206cb1be2c,283247,25,55517,False
